Workbook

Sheet in
A1: QuizName | B1: QuizClass | C1: FirstName | D1: LastName | E1: ZipGradeID | F1: ExternalID | G1: EarnedPts | H1: PossiblePts | I1: PercentCorrect | J1: QuizCreated | K1: DataExported | L1: KeyVersion | M1: P1 | N1: P2 | O1: P3 | P1: P4 | Q1: P5 | R1: P6 | S1: P7 | T1: P8 | U1: P9 | V1: P10 | W1: P11 | X1: P12 | Y1: P13 | Z1: P14 | AA1: P15 | AB1: P16 | AC1: P17 | AD1: P18 | AE1: P19 | AF1: P20 | AG1: P21 | AH1: P22 | AI1: P23 | AJ1: P24 | AK1: P25 | AL1: P26 | AM1: P27 | AN1: P28 | AO1: P29 | AP1: P30 | AQ1: P31 | AR1: P32 | AS1: P33 | AT1: P34 | AU1: P35 | AV1: P36 | AW1: P37 | AX1: P38 | AY1: P39 | AZ1: P40 | BA1: P41 | BB1: P42 | BC1: P43 | BD1: P44 | BE1: P45 | BF1: P46 | BG1: P47 | BH1: P48 | BI1: P49 | BJ1: P50 | BK1: P51 | BL1: P52 | BM1: P53 | BN1: P54 | BO1: P55 | BP1: P56 | BQ1: P57 | BR1: P58 | BS1: P59 | BT1: P60 | BU1: P61 | BV1: P62 | BW1: P63 | BX1: P64 | BY1: P65 | BZ1: P66 | CA1: P67 | CB1: P68 | CC1: P69 | CD1: P70 | CE1: P71 | CF1: P72 | CG1: P73 | CH1: P74 | CI1: P75 | CJ1: P76 | CK1: P77 | CL1: P78 | CM1: P79 | CN1: P80 | CO1: P81 | CP1: P82 | CQ1: P83 | CR1: P84 | CS1: P85 | CT1: P86 | CU1: P87 | CV1: P88 | CW1: P89 | CX1: P90 | CY1: P91 | CZ1: P93 | DA1: P94 | DB1: P95 | DC1: P96 | DD1: P97 | DE1: P98 | DF1: P99 | DG1: P100 | DH1: P104 | DI1: P110 | DJ1: P111 | DK1: P112 | DL1: P102 | DM1: P114 | DN1: P115 | DO1: P116 | DP1: P118 | DQ1: P119 | DR1: P101 | DS1: P103 | DT1: P105 | DU1: P106 | DV1: P107 | DW1: P108 | DX1: P109 | DY1: P120 | DZ1: P92 | EA1: P113 | EB1: P117 | EC1: R1 | ED1: R2 | EE1: R3 | EF1: R4 | EG1: R5 | EH1: R6 | EI1: R7 | EJ1: R8 | EK1: R9 | EL1: R10 | EM1: R11 | EN1: R12 | EO1: R13 | EP1: R14 | EQ1: R15 | ER1: R16 | ES1: R17 | ET1: R18 | EU1: R19 | EV1: R20 | EW1: R21 | EX1: R22 | EY1: R23 | EZ1: R24 | FA1: R25 | FB1: R26 | FC1: R27 | FD1: R28 | FE1: R29 | FF1: R30 | FG1: R31 | FH1: R32 | FI1: R33 | FJ1: R34 | FK1: R35 | FL1: R36 | FM1: R37 | FN1: R38 | FO1: R39 | FP1: R40 | FQ1: R41 | FR1: R42 | FS1: R43 | FT1: R44 | FU1: R45 | FV1: R46 | FW1: R47 | FX1: R48 | FY1: R49 | FZ1: R50 | GA1: R51 | GB1: R52 | GC1: R53 | GD1: R54 | GE1: R55 | GF1: R56 | GG1: R57 | GH1: R58 | GI1: R59 | GJ1: R60 | GK1: R61 | GL1: R62 | GM1: R63 | GN1: R64 | GO1: R65 | GP1: R66 | GQ1: R67 | GR1: R68 | GS1: R69 | GT1: R70 | GU1: R71 | GV1: R72 | GW1: R73 | GX1: R74 | GY1: R75 | GZ1: R76 | HA1: R77 | HB1: R78 | HC1: R79 | HD1: R80 | HE1: R81 | HF1: R82 | HG1: R83 | HH1: R84 | HI1: R85 | HJ1: R86 | HK1: R87 | HL1: R88 | HM1: R89 | HN1: R90 | HO1: R91 | HP1: R93 | HQ1: R94 | HR1: R95 | HS1: R96 | HT1: R97 | HU1: R98 | HV1: R99 | HW1: R100 | HX1: R104 | HY1: R110 | HZ1: R111 | IA1: R112 | IB1: R102 | IC1: R114 | ID1: R115 | IE1: R116 | IF1: R118 | IG1: R119 | IH1: R101 | II1: R103 | IJ1: R105 | IK1: R106 | IL1: R107 | IM1: R108 | IN1: R109 | IO1: R120 | IP1: R92 | IQ1: R113 | IR1: R117
A2: cerro tofeme monteria 1sesion [4053] | D2: AGRESOT SUAREZ DIEGO ALEJANDRO | E2: 5702 | G2: 92.0 | H2: 120.0 | I2: 76.7 | J2: mar. 14 2026 09:28 a.Â m. | K2: mar. 14 2026 09:34 a.Â m. | M2: 1 | N2: 1 | O2: 1 | P2: 1 | Q2: 1 | R2: 1 | S2: 0 | T2: 1 | U2: 0 | V2: 1 | W2: 1 | X2: 0 | Y2: 1 | Z2: 1 | AA2: 1 | AB2: 0 | AC2: 0 | AD2: 0 | AE2: 1 | AF2: 1 | AG2: 1 | AH2: 0 | AI2: 1 | AJ2: 0 | AK2: 1 | AL2: 1 | AM2: 1 | AN2: 0 | AO2: 1 | AP2: 1 | AQ2: 1 | AR2: 1 | AS2: 1 | AT2: 1 | AU2: 1 | AV2: 1 | AW2: 1 | AX2: 0 | AY2: 1 | AZ2: 1 | BA2: 1 | BB2: 1 | BC2: 1 | BD2: 0 | BE2: 1 | BF2: 0 | BG2: 0 | BH2: 1 | BI2: 1 | BJ2: 1 | BK2: 1 | BL2: 1 | BM2: 1 | BN2: 0 | BO2: 1 | BP2: 0 | BQ2: 0 | BR2: 1 | BS2: 1 | BT2: 1 | BU2: 0 | BV2: 0 | BW2: 1 | BX2: 1 | BY2: 1 | BZ2: 1 | CA2: 1 | CB2: 1 | CC2: 1 | CD2: 0 | CE2: 0 | CF2: 1 | CG2: 0 | CH2: 1 | CI2: 1 | CJ2: 1 | CK2: 1 | CL2: 1 | CM2: 1 | CN2: 1 | CO2: 0 | CP2: 1 | CQ2: 1 | CR2: 1 | CS2: 1 | CT2: 1 | CU2: 1 | CV2: 1 | CW2: 1 | CX2: 0 | CY2: 1 | CZ2: 1 | DA2: 1 | DB2: 1 | DC2: 1 | DD2: 1 | DE2: 1 | DF2: 1 | DG2: 1 | DH2: 1 | DI2: 1 | DJ2: 1 | DK2: 1 | DL2: 1 | DM2: 1 | DN2: 0 | DO2: 1 | DP2: 1 | DQ2: 1 | DR2: 0 | DS2: 0 | DT2: 0 | DU2: 0 | DV2: 1 | DW2: 1 | DX2: 1 | DY2: 1 | DZ2: 1 | EA2: 1 | EB2: 1 | EC2: C | ED2: B | EE2: B | EF2: B | EG2: C | EH2: B | EI2: A | EJ2: C | EK2: A | EL2: C | EM2: C | EN2: D | EO2: D | EP2: A | EQ2: B | ER2: D | ES2: A | ET2: B | EU2: D | EV2: D | EW2: B | EX2: D | EY2: D | EZ2: B | FA2: C | FB2: A | FC2: B | FD2: B | FE2: C | FF2: C | FG2: C | FH2: D | FI2: C | FJ2: D | FK2: A | FL2: D | FM2: A | FN2: C | FO2: C | FP2: C | FQ2: D | FR2: D | FS2: D | FT2: C | FU2: D | FV2: A | FW2: B | FX2: B | FY2: D | FZ2: C | GA2: B | GB2: C | GC2: D | GD2: C | GE2: C | GF2: A | GG2: A | GH2: A | GI2: A | GJ2: D | GK2: C | GL2: A | GM2: B | GN2: C | GO2: D | GP2: C | GQ2: B | GR2: A | GS2: A | GT2: A | GU2: C | GV2: A | GW2: D | GX2: B | GY2: B | GZ2: C | HA2: A | HB2: D | HC2: D | HD2: A | HE2: D | HF2: C | HG2: C | HH2: B | HI2: B | HJ2: C | HK2: B | HL2: B | HM2: D | HN2: B | HO2: B | HP2: B | HQ2: C | HR2: A | HS2: C | HT2: D | HU2: B | HV2: A | HW2: A | HX2: B | HY2: C | HZ2: B | IA2: C | IB2: B | IC2: B | ID2: C | IE2: A | IF2: B | IG2: C | IH2: C | II2: D | IJ2: B | IK2: C | IL2: B | IM2: C | IN2: B | IO2: C | IP2: C | IQ2: D | IR2: C
A3: cerro tofeme monteria 1sesion [4053] | D3: BRAVO FLOREZ MIGUEL ANDRES | E3: 5704 | G3: 48.0 | H3: 120.0 | I3: 40.0 | J3: mar. 14 2026 09:28 a.Â m. | K3: mar. 14 2026 09:34 a.Â m. | M3: 1 | N3: 1 | O3: 1 | P3: 0 | Q3: 0 | R3: 1 | S3: 0 | T3: 0 | U3: 1 | V3: 0 | W3: 0 | X3: 1 | Y3: 1 | Z3: 0 | AA3: 0 | AB3: 1 | AC3: 1 | AD3: 0 | AE3: 1 | AF3: 1 | AG3: 1 | AH3: 1 | AI3: 0 | AJ3: 0 | AK3: 1 | AL3: 0 | AM3: 0 | AN3: 1 | AO3: 1 | AP3: 0 | AQ3: 1 | AR3: 1 | AS3: 0 | AT3: 0 | AU3: 1 | AV3: 1 | AW3: 1 | AX3: 0 | AY3: 0 | AZ3: 1 | BA3: 1 | BB3: 0 | BC3: 0 | BD3: 1 | BE3: 0 | BF3: 0 | BG3: 0 | BH3: 0 | BI3: 0 | BJ3: 0 | BK3: 0 | BL3: 0 | BM3: 1 | BN3: 1 | BO3: 0 | BP3: 1 | BQ3: 0 | BR3: 1 | BS3: 1 | BT3: 0 | BU3: 0 | BV3: 1 | BW3: 1 | BX3: 0 | BY3: 0 | BZ3: 0 | CA3: 0 | CB3: 0 | CC3: 1 | CD3: 0 | CE3: 0 | CF3: 0 | CG3: 0 | CH3: 0 | CI3: 0 | CJ3: 0 | CK3: 1 | CL3: 1 | CM3: 0 | CN3: 1 | CO3: 1 | CP3: 0 | CQ3: 0 | CR3: 0 | CS3: 0 | CT3: 0 | CU3: 0 | CV3: 0 | CW3: 1 | CX3: 1 | CY3: 0 | CZ3: 1 | DA3: 0 | DB3: 0 | DC3: 1 | DD3: 0 | DE3: 0 | DF3: 0 | DG3: 0 | DH3: 1 | DI3: 0 | DJ3: 0 | DK3: 0 | DL3: 1 | DM3: 1 | DN3: 0 | DO3: 1 | DP3: 1 | DQ3: 0 | DR3: 0 | DS3: 1 | DT3: 0 | DU3: 0 | DV3: 0 | DW3: 0 | DX3: 0 | DY3: 0 | DZ3: 1 | EA3: 1 | EB3: 0 | EC3: C | ED3: B | EE3: B | EF3: A | EG3: D | EH3: B | EI3: A | EJ3: B | EK3: B | EL3: B | EM3: B | EN3: C | EO3: D | EP3: C | EQ3: C | ER3: C | ES3: D | ET3: D | EU3: D | EV3: D | EW3: B | EX3: C | EY3: C | EZ3: D | FA3: C | FB3: D | FC3: D | FD3: C | FE3: C | FF3: B | FG3: C | FH3: D | FI3: D | FJ3: B | FK3: A | FL3: D | FM3: A | FN3: A | FO3: A | FP3: C | FQ3: D | FR3: A | FS3: A | FT3: B | FU3: B | FV3: A | FW3: B | FX3: C | FY3: B | FZ3: A | GA3: D | GB3: B | GC3: D | GD3: B | GE3: B | GF3: B | GG3: C | GH3: A | GI3: A | GJ3: A | GK3: A | GL3: D | GM3: B | GN3: D | GO3: A | GP3: D | GQ3: C | GR3: B | GS3: A | GT3: B | GU3: C | GV3: C | GW3: B | GX3: A | GY3: D | GZ3: D | HA3: A | HB3: D | HC3: B | HD3: A | HE3: A | HF3: A | HG3: A | HH3: C | HI3: D | HJ3: A | HK3: D | HL3: A | HM3: D | HN3: A | HO3: A | HP3: B | HQ3: B | HR3: D | HS3: C | HT3: B | HU3: A | HV3: C | HW3: B | HX3: B | HY3: D | HZ3: D | IA3: D | IB3: B | IC3: B | ID3: B | IE3: A | IF3: B | IG3: B | IH3: B | II3: C | IJ3: D | IK3: D | IL3: C | IM3: B | IN3: A | IO3: A | IP3: C | IQ3: D | IR3: D
A4: cerro tofeme monteria 1sesion [4053] | D4: CALDERA CALVO MARIA ALEJANDRA | E4: 5705 | G4: 52.0 | H4: 120.0 | I4: 43.3 | J4: mar. 14 2026 09:28 a.Â m. | K4: mar. 14 2026 09:34 a.Â m. | M4: 1 | N4: 1 | O4: 1 | P4: 0 | Q4: 1 | R4: 0 | S4: 0 | T4: 0 | U4: 1 | V4: 0 | W4: 0 | X4: 0 | Y4: 1 | Z4: 0 | AA4: 1 | AB4: 0 | AC4: 0 | AD4: 0 | AE4: 1 | AF4: 1 | AG4: 0 | AH4: 1 | AI4: 0 | AJ4: 0 | AK4: 0 | AL4: 0 | AM4: 0 | AN4: 0 | AO4: 1 | AP4: 1 | AQ4: 1 | AR4: 0 | AS4: 1 | AT4: 0 | AU4: 1 | AV4: 1 | AW4: 0 | AX4: 0 | AY4: 0 | AZ4: 1 | BA4: 0 | BB4: 1 | BC4: 0 | BD4: 0 | BE4: 1 | BF4: 0 | BG4: 0 | BH4: 1 | BI4: 1 | BJ4: 0 | BK4: 1 | BL4: 0 | BM4: 0 | BN4: 1 | BO4: 1 | BP4: 0 | BQ4: 0 | BR4: 1 | BS4: 1 | BT4: 0 | BU4: 0 | BV4: 0 | BW4: 1 | BX4: 0 | BY4: 1 | BZ4: 1 | CA4: 0 | CB4: 0 | CC4: 1 | CD4: 0 | CE4: 0 | CF4: 0 | CG4: 0 | CH4: 1 | CI4: 0 | CJ4: 0 | CK4: 1 | CL4: 0 | CM4: 0 | CN4: 0 | CO4: 0 | CP4: 0 | CQ4: 1 | CR4: 1 | CS4: 1 | CT4: 1 | CU4: 0 | CV4: 0 | CW4: 0 | CX4: 0 | CY4: 1 | CZ4: 1 | DA4: 0 | DB4: 1 | DC4: 0 | DD4: 0 | DE4: 0 | DF4: 1 | DG4: 0 | DH4: 1 | DI4: 0 | DJ4: 0 | DK4: 0 | DL4: 1 | DM4: 0 | DN4: 1 | DO4: 1 | DP4: 1 | DQ4: 1 | DR4: 1 | DS4: 0 | DT4: 1 | DU4: 0 | DV4: 1 | DW4: 0 | DX4: 0 | DY4: 1 | DZ4: 0 | EA4: 1 | EB4: 1 | EC4: C | ED4: B | EE4: B | EF4: A | EG4: C | EH4: A | EI4: A | EJ4: D | EK4: B | EL4: B | EM4: B | EN4: D | EO4: D | EP4: C | EQ4: B | ER4: A | ES4: A | ET4: B | EU4: D | EV4: D | EW4: A | EX4: C | EY4: B | EZ4: B | FA4: A | FB4: D | FC4: A | FD4: B | FE4: C | FF4: C | FG4: C | FH4: A | FI4: C | FJ4: B | FK4: A | FL4: D | FM4: C | FN4: B | FO4: B | FP4: C | FQ4: A | FR4: D | FS4: C | FT4: C | FU4: D | FV4: A | FW4: A | FX4: B | FY4: D | FZ4: A | GA4: B | GB4: D | GC4: B | GD4: B | GE4: C | GF4: A | GG4: A | GH4: A | GI4: A | GJ4: A | GK4: C | GL4: B | GM4: B | GN4: A | GO4: D | GP4: C | GQ4: D | GR4: C | GS4: A | GT4: A | GU4: A | GV4: B | GW4: D | GX4: B | GY4: A | GZ4: A | HA4: A | HB4: A | HC4: B | HD4: C | HE4: B | HF4: B | HG4: C | HH4: B | HI4: B | HJ4: C | HK4: D | HL4: D | HM4: B | HN4: D | HO4: B | HP4: B | HQ4: A | HR4: A | HS4: A | HT4: C | HU4: C | HV4: A | HW4: D | HX4: B | HY4: A | HZ4: A | IA4: A | IB4: B | IC4: A | ID4: A | IE4: A | IF4: B | IG4: C | IH4: A | II4: B | IJ4: A | IK4: A | IL4: B | IM4: A | IN4: D | IO4: C | IP4: B | IQ4: D | IR4: C
A5: cerro tofeme monteria 1sesion [4053] | D5: CARVAJAL MIRANDA YOELIS MARIA | E5: 5706 | G5: 45.0 | H5: 120.0 | I5: 37.5 | J5: mar. 14 2026 09:28 a.Â m. | K5: mar. 14 2026 09:34 a.Â m. | M5: 1 | N5: 1 | O5: 0 | P5: 0 | Q5: 0 | R5: 1 | S5: 0 | T5: 0 | U5: 0 | V5: 0 | W5: 1 | X5: 0 | Y5: 0 | Z5: 0 | AA5: 0 | AB5: 0 | AC5: 0 | AD5: 0 | AE5: 0 | AF5: 0 | AG5: 1 | AH5: 1 | AI5: 0 | AJ5: 0 | AK5: 0 | AL5: 0 | AM5: 0 | AN5: 0 | AO5: 0 | AP5: 1 | AQ5: 0 | AR5: 0 | AS5: 0 | AT5: 1 | AU5: 1 | AV5: 1 | AW5: 1 | AX5: 0 | AY5: 1 | AZ5: 0 | BA5: 0 | BB5: 1 | BC5: 0 | BD5: 0 | BE5: 1 | BF5: 0 | BG5: 0 | BH5: 1 | BI5: 1 | BJ5: 1 | BK5: 1 | BL5: 0 | BM5: 0 | BN5: 0 | BO5: 1 | BP5: 1 | BQ5: 0 | BR5: 0 | BS5: 0 | BT5: 0 | BU5: 0 | BV5: 0 | BW5: 0 | BX5: 1 | BY5: 0 | BZ5: 1 | CA5: 0 | CB5: 1 | CC5: 1 | CD5: 0 | CE5: 1 | CF5: 0 | CG5: 1 | CH5: 1 | CI5: 0 | CJ5: 0 | CK5: 1 | CL5: 0 | CM5: 0 | CN5: 0 | CO5: 0 | CP5: 0 | CQ5: 0 | CR5: 0 | CS5: 1 | CT5: 1 | CU5: 0 | CV5: 0 | CW5: 0 | CX5: 0 | CY5: 1 | CZ5: 1 | DA5: 0 | DB5: 0 | DC5: 0 | DD5: 0 | DE5: 0 | DF5: 0 | DG5: 0 | DH5: 1 | DI5: 1 | DJ5: 1 | DK5: 1 | DL5: 1 | DM5: 1 | DN5: 0 | DO5: 0 | DP5: 1 | DQ5: 0 | DR5: 0 | DS5: 1 | DT5: 0 | DU5: 0 | DV5: 1 | DW5: 0 | DX5: 1 | DY5: 1 | DZ5: 0 | EA5: 1 | EB5: 1 | EC5: C | ED5: B | EE5: D | EF5: A | EG5: B | EH5: B | EI5: C | EJ5: B | EK5: C | EL5: B | EM5: C | EN5: D | EO5: A | EP5: C | EQ5: A | ER5: A | ES5: B | ET5: A | EU5: C | EV5: A | EW5: B | EX5: C | EY5: B | EZ5: D | FA5: B | FB5: B | FC5: C | FD5: A | FE5: B | FF5: C | FG5: B | FH5: C | FI5: B | FJ5: D | FK5: A | FL5: D | FM5: A | FN5: C | FO5: C | FP5: D | FQ5: A | FR5: D | FS5: B | FT5: C | FU5: D | FV5: B | FW5: B | FX5: B | FY5: D | FZ5: C | GA5: B | GB5: D | GC5: A | GD5: C | GE5: C | GF5: B | GG5: A | GH5: D | GI5: C | GJ5: A | GK5: C | GL5: B | GM5: C | GN5: C | GO5: B | GP5: C | GQ5: C | GR5: A | GS5: A | GT5: A | GU5: D | GV5: B | GW5: C | GX5: B | GY5: C | GZ5: B | HA5: A | HB5: C | HC5: B | HD5: C | HE5: B | HF5: B | HG5: A | HH5: C | HI5: B | HJ5: C | HK5: A | HL5: C | HM5: B | HN5: C | HO5: B | HP5: B | HQ5: D | HR5: C | HS5: B | HT5: C | HU5: A | HV5: C | HW5: B | HX5: B | HY5: C | HZ5: B | IA5: C | IB5: B | IC5: B | ID5: D | IE5: B | IF5: B | IG5: A | IH5: C | II5: C | IJ5: D | IK5: C | IL5: B | IM5: B | IN5: B | IO5: C | IP5: D | IQ5: D | IR5: C
A6: cerro tofeme monteria 1sesion [4053] | D6: DIAZ DONADO ROSA ANDREA | E6: 5707 | G6: 51.0 | H6: 120.0 | I6: 42.5 | J6: mar. 14 2026 09:28 a.Â m. | K6: mar. 14 2026 09:34 a.Â m. | M6: 1 | N6: 1 | O6: 1 | P6: 0 | Q6: 0 | R6: 1 | S6: 0 | T6: 0 | U6: 1 | V6: 1 | W6: 1 | X6: 1 | Y6: 1 | Z6: 0 | AA6: 0 | AB6: 1 | AC6: 0 | AD6: 0 | AE6: 1 | AF6: 0 | AG6: 0 | AH6: 0 | AI6: 0 | AJ6: 0 | AK6: 1 | AL6: 0 | AM6: 0 | AN6: 1 | AO6: 1 | AP6: 1 | AQ6: 1 | AR6: 1 | AS6: 1 | AT6: 1 | AU6: 1 | AV6: 1 | AW6: 0 | AX6: 0 | AY6: 1 | AZ6: 1 | BA6: 1 | BB6: 0 | BC6: 1 | BD6: 0 | BE6: 1 | BF6: 0 | BG6: 0 | BH6: 1 | BI6: 1 | BJ6: 1 | BK6: 0 | BL6: 0 | BM6: 1 | BN6: 0 | BO6: 1 | BP6: 0 | BQ6: 0 | BR6: 1 | BS6: 0 | BT6: 0 | BU6: 1 | BV6: 0 | BW6: 0 | BX6: 1 | BY6: 0 | BZ6: 1 | CA6: 0 | CB6: 0 | CC6: 0 | CD6: 1 | CE6: 0 | CF6: 0 | CG6: 0 | CH6: 1 | CI6: 0 | CJ6: 1 | CK6: 0 | CL6: 0 | CM6: 0 | CN6: 0 | CO6: 0 | CP6: 1 | CQ6: 0 | CR6: 0 | CS6: 1 | CT6: 0 | CU6: 0 | CV6: 1 | CW6: 0 | CX6: 0 | CY6: 1 | CZ6: 0 | DA6: 0 | DB6: 0 | DC6: 0 | DD6: 0 | DE6: 0 | DF6: 1 | DG6: 1 | DH6: 0 | DI6: 1 | DJ6: 0 | DK6: 0 | DL6: 1 | DM6: 0 | DN6: 0 | DO6: 0 | DP6: 1 | DQ6: 1 | DR6: 0 | DS6: 1 | DT6: 1 | DU6: 0 | DV6: 0 | DW6: 0 | DX6: 1 | DY6: 0 | DZ6: 0 | EA6: 0 | EB6: 0 | EC6: C | ED6: B | EE6: B | EF6: D | EG6: B | EH6: B | EI6: A | EJ6: B | EK6: B | EL6: C | EM6: C | EN6: C | EO6: D | EP6: C | EQ6: C | ER6: C | ES6: A | ET6: D | EU6: D | EV6: A | EW6: D | EX6: B | EY6: B | EZ6: D | FA6: C | FB6: D | FC6: C | FD6: C | FE6: C | FF6: C | FG6: C | FH6: D | FI6: C | FJ6: D | FK6: A | FL6: D | FM6: D | FN6: C | FO6: C | FP6: C | FQ6: D | FR6: A | FS6: D | FT6: D | FU6: D | FV6: A | FW6: A | FX6: B | FY6: D | FZ6: C | GA6: C | GB6: D | GC6: D | GD6: C | GE6: C | GF6: D | GG6: A | GH6: A | GI6: C | GJ6: B | GK6: D | GL6: C | GM6: C | GN6: C | GO6: B | GP6: C | GQ6: C | GR6: C | GS6: B | GT6: C | GU6: C | GV6: B | GW6: B | GX6: B | GY6: C | GZ6: C | HA6: D | HB6: B | HC6: A | HD6: C | HE6: C | HF6: C | HG6: D | HH6: D | HI6: B | HJ6: B | HK6: C | HL6: B | HM6: C | HN6: B | HO6: B | HP6: C | HQ6: D | HR6: B | HS6: A | HT6: B | HU6: C | HV6: A | HW6: A | HX6: C | HY6: C | HZ6: A | IA6: D | IB6: B | IC6: D | ID6: B | IE6: C | IF6: B | IG6: C | IH6: D | II6: C | IJ6: A | IK6: A | IL6: C | IM6: B | IN6: B | IO6: B | IP6: B | IQ6: B | IR6: D
A7: cerro tofeme monteria 1sesion [4053] | D7: DIAZ MARTINEZ DINA MARCELA | E7: 5708 | G7: 48.0 | H7: 120.0 | I7: 40.0 | J7: mar. 14 2026 09:28 a.Â m. | K7: mar. 14 2026 09:34 a.Â m. | M7: 1 | N7: 1 | O7: 0 | P7: 0 | Q7: 0 | R7: 1 | S7: 0 | T7: 0 | U7: 1 | V7: 0 | W7: 0 | X7: 1 | Y7: 0 | Z7: 0 | AA7: 1 | AB7: 0 | AC7: 0 | AD7: 0 | AE7: 1 | AF7: 0 | AG7: 1 | AH7: 0 | AI7: 1 | AJ7: 0 | AK7: 0 | AL7: 0 | AM7: 0 | AN7: 1 | AO7: 1 | AP7: 1 | AQ7: 0 | AR7: 1 | AS7: 0 | AT7: 0 | AU7: 0 | AV7: 0 | AW7: 1 | AX7: 0 | AY7: 1 | AZ7: 1 | BA7: 0 | BB7: 0 | BC7: 0 | BD7: 1 | BE7: 1 | BF7: 0 | BG7: 0 | BH7: 1 | BI7: 1 | BJ7: 0 | BK7: 0 | BL7: 1 | BM7: 1 | BN7: 0 | BO7: 1 | BP7: 1 | BQ7: 0 | BR7: 0 | BS7: 0 | BT7: 0 | BU7: 0 | BV7: 0 | BW7: 0 | BX7: 0 | BY7: 1 | BZ7: 0 | CA7: 0 | CB7: 1 | CC7: 0 | CD7: 0 | CE7: 1 | CF7: 1 | CG7: 0 | CH7: 0 | CI7: 1 | CJ7: 1 | CK7: 1 | CL7: 1 | CM7: 0 | CN7: 0 | CO7: 1 | CP7: 0 | CQ7: 1 | CR7: 1 | CS7: 0 | CT7: 1 | CU7: 0 | CV7: 0 | CW7: 0 | CX7: 0 | CY7: 1 | CZ7: 1 | DA7: 0 | DB7: 1 | DC7: 0 | DD7: 0 | DE7: 0 | DF7: 1 | DG7: 0 | DH7: 0 | DI7: 1 | DJ7: 0 | DK7: 0 | DL7: 0 | DM7: 0 | DN7: 0 | DO7: 0 | DP7: 1 | DQ7: 1 | DR7: 0 | DS7: 0 | DT7: 1 | DU7: 0 | DV7: 1 | DW7: 0 | DX7: 1 | DY7: 0 | DZ7: 1 | EA7: 0 | EB7: 1 | EC7: C | ED7: B | EE7: C | EF7: A | EG7: A | EH7: B | EI7: C | EJ7: D | EK7: B | EL7: A | EM7: B | EN7: C | EO7: A | EP7: C | EQ7: B | ER7: A | ES7: A | ET7: D | EU7: D | EV7: A | EW7: B | EX7: B | EY7: D | EZ7: D | FA7: A | FB7: D | FC7: A | FD7: C | FE7: C | FF7: C | FG7: B | FH7: D | FI7: B | FJ7: B | FK7: C | FL7: C | FM7: A | FN7: B | FO7: C | FP7: C | FQ7: A | FR7: B | FS7: A | FT7: B | FU7: D | FV7: A | FW7: A | FX7: B | FY7: D | FZ7: B | GA7: A | GB7: C | GC7: D | GD7: C | GE7: C | GF7: B | GG7: D | GH7: D | GI7: B | GJ7: A | GK7: A | GL7: C | GM7: A | GN7: B | GO7: D | GP7: A | GQ7: C | GR7: A | GS7: C | GT7: B | GU7: D | GV7: A | GW7: D | GX7: A | GY7: B | GZ7: C | HA7: A | HB7: D | HC7: A | HD7: C | HE7: A | HF7: B | HG7: C | HH7: B | HI7: D | HJ7: C | HK7: A | HL7: C | HM7: B | HN7: D | HO7: B | HP7: B | HQ7: A | HR7: A | HS7: B | HT7: C | HU7: C | HV7: A | HW7: D | HX7: C | HY7: C | HZ7: A | IA7: B | IB7: C | IC7: D | ID7: B | IE7: D | IF7: B | IG7: C | IH7: C | II7: A | IJ7: A | IK7: C | IL7: B | IM7: B | IN7: B | IO7: A | IP7: C | IQ7: A | IR7: C
A8: cerro tofeme monteria 1sesion [4053] | D8: LAGARES PEREZ OVIER ANTONIO | E8: 5709 | G8: 56.0 | H8: 120.0 | I8: 46.7 | J8: mar. 14 2026 09:28 a.Â m. | K8: mar. 14 2026 09:34 a.Â m. | M8: 1 | N8: 1 | O8: 0 | P8: 1 | Q8: 0 | R8: 0 | S8: 0 | T8: 0 | U8: 1 | V8: 0 | W8: 1 | X8: 1 | Y8: 1 | Z8: 0 | AA8: 1 | AB8: 1 | AC8: 0 | AD8: 1 | AE8: 1 | AF8: 1 | AG8: 0 | AH8: 0 | AI8: 0 | AJ8: 1 | AK8: 0 | AL8: 0 | AM8: 0 | AN8: 1 | AO8: 1 | AP8: 1 | AQ8: 1 | AR8: 0 | AS8: 0 | AT8: 1 | AU8: 1 | AV8: 1 | AW8: 1 | AX8: 0 | AY8: 0 | AZ8: 1 | BA8: 1 | BB8: 1 | BC8: 0 | BD8: 0 | BE8: 0 | BF8: 0 | BG8: 0 | BH8: 1 | BI8: 1 | BJ8: 1 | BK8: 0 | BL8: 1 | BM8: 1 | BN8: 0 | BO8: 1 | BP8: 0 | BQ8: 0 | BR8: 0 | BS8: 1 | BT8: 0 | BU8: 1 | BV8: 0 | BW8: 0 | BX8: 1 | BY8: 0 | BZ8: 1 | CA8: 1 | CB8: 0 | CC8: 1 | CD8: 0 | CE8: 1 | CF8: 0 | CG8: 1 | CH8: 1 | CI8: 0 | CJ8: 0 | CK8: 1 | CL8: 0 | CM8: 1 | CN8: 1 | CO8: 1 | CP8: 1 | CQ8: 0 | CR8: 0 | CS8: 1 | CT8: 1 | CU8: 1 | CV8: 0 | CW8: 0 | CX8: 0 | CY8: 0 | CZ8: 1 | DA8: 0 | DB8: 0 | DC8: 0 | DD8: 1 | DE8: 1 | DF8: 0 | DG8: 1 | DH8: 0 | DI8: 1 | DJ8: 0 | DK8: 0 | DL8: 0 | DM8: 0 | DN8: 0 | DO8: 0 | DP8: 1 | DQ8: 0 | DR8: 0 | DS8: 0 | DT8: 0 | DU8: 0 | DV8: 1 | DW8: 0 | DX8: 1 | DY8: 0 | DZ8: 0 | EA8: 1 | EB8: 0 | EC8: C | ED8: B | EE8: C | EF8: B | EG8: A | EH8: A | EI8: C | EJ8: D | EK8: B | EL8: D | EM8: C | EN8: C | EO8: D | EP8: C | EQ8: B | ER8: C | ES8: A | ET8: C | EU8: D | EV8: D | EW8: C | EX8: D | EY8: B | EZ8: C | FA8: A | FB8: D | FC8: A | FD8: C | FE8: C | FF8: C | FG8: C | FH8: B | FI8: B | FJ8: D | FK8: A | FL8: D | FM8: A | FN8: B | FO8: B | FP8: C | FQ8: D | FR8: D | FS8: C | FT8: C | FU8: B | FV8: A | FW8: B | FX8: B | FY8: D | FZ8: C | GA8: A | GB8: C | GC8: D | GD8: C | GE8: C | GF8: A | GG8: C | GH8: D | GI8: A | GJ8: C | GK8: D | GL8: A | GM8: C | GN8: C | GO8: A | GP8: C | GQ8: B | GR8: B | GS8: A | GT8: A | GU8: D | GV8: B | GW8: C | GX8: B | GY8: C | GZ8: A | HA8: A | HB8: B | HC8: D | HD8: A | HE8: A | HF8: C | HG8: A | HH8: C | HI8: B | HJ8: C | HK8: B | HL8: A | HM8: C | HN8: D | HO8: A | HP8: B | HQ8: A | HR8: C | HS8: A | HT8: D | HU8: B | HV8: B | HW8: A | HX8: A | HY8: C | HZ8: A | IA8: B | IB8: C | IC8: C | ID8: C | IE8: B | IF8: B | IG8: A | IH8: B | II8: B | IJ8: C | IK8: A | IL8: B | IM8: B | IN8: B | IO8: B | IP8: D | IQ8: D | IR8: A
A9: cerro tofeme monteria 1sesion [4053] | D9: SANTANA RAMOS EUSEBIO | E9: 5711 | G9: 63.0 | H9: 120.0 | I9: 52.5 | J9: mar. 14 2026 09:28 a.Â m. | K9: mar. 14 2026 09:34 a.Â m. | M9: 1 | N9: 1 | O9: 1 | P9: 0 | Q9: 0 | R9: 1 | S9: 0 | T9: 1 | U9: 0 | V9: 1 | W9: 0 | X9: 0 | Y9: 1 | Z9: 0 | AA9: 0 | AB9: 1 | AC9: 0 | AD9: 0 | AE9: 1 | AF9: 1 | AG9: 1 | AH9: 0 | AI9: 0 | AJ9: 1 | AK9: 0 | AL9: 0 | AM9: 1 | AN9: 1 | AO9: 0 | AP9: 1 | AQ9: 0 | AR9: 0 | AS9: 1 | AT9: 1 | AU9: 1 | AV9: 1 | AW9: 0 | AX9: 0 | AY9: 0 | AZ9: 1 | BA9: 1 | BB9: 1 | BC9: 1 | BD9: 0 | BE9: 1 | BF9: 1 | BG9: 1 | BH9: 1 | BI9: 1 | BJ9: 0 | BK9: 1 | BL9: 0 | BM9: 1 | BN9: 0 | BO9: 1 | BP9: 0 | BQ9: 0 | BR9: 1 | BS9: 1 | BT9: 1 | BU9: 0 | BV9: 0 | BW9: 0 | BX9: 1 | BY9: 0 | BZ9: 0 | CA9: 0 | CB9: 1 | CC9: 1 | CD9: 0 | CE9: 0 | CF9: 1 | CG9: 0 | CH9: 1 | CI9: 0 | CJ9: 0 | CK9: 1 | CL9: 0 | CM9: 0 | CN9: 0 | CO9: 1 | CP9: 0 | CQ9: 0 | CR9: 1 | CS9: 1 | CT9: 1 | CU9: 0 | CV9: 1 | CW9: 1 | CX9: 0 | CY9: 1 | CZ9: 1 | DA9: 1 | DB9: 1 | DC9: 0 | DD9: 0 | DE9: 0 | DF9: 0 | DG9: 0 | DH9: 0 | DI9: 1 | DJ9: 1 | DK9: 0 | DL9: 1 | DM9: 1 | DN9: 1 | DO9: 0 | DP9: 1 | DQ9: 1 | DR9: 0 | DS9: 1 | DT9: 1 | DU9: 0 | DV9: 1 | DW9: 0 | DX9: 0 | DY9: 0 | DZ9: 1 | EA9: 1 | EB9: 1 | EC9: C | ED9: B | EE9: B | EF9: C | EG9: D | EH9: B | EI9: A | EJ9: C | EK9: A | EL9: C | EM9: A | EN9: D | EO9: D | EP9: D | EQ9: C | ER9: C | ES9: A | ET9: A | EU9: D | EV9: D | EW9: B | EX9: B | EY9: C | EZ9: C | FA9: D | FB9: D | FC9: B | FD9: C | FE9: D | FF9: C | FG9: B | FH9: A | FI9: C | FJ9: D | FK9: A | FL9: D | FM9: B | FN9: B | FO9: A | FP9: C | FQ9: D | FR9: D | FS9: D | FT9: D | FU9: D | FV9: C | FW9: D | FX9: B | FY9: D | FZ9: A | GA9: B | GB9: B | GC9: D | GD9: D | GE9: C | GF9: D | GG9: A | GH9: A | GI9: A | GJ9: D | GK9: A | GL9: A | GM9: D | GN9: C | GO9: C | GP9: D | GQ9: C | GR9: A | GS9: A | GT9: A | GU9: C | GV9: A | GW9: A | GX9: B | GY9: A | GZ9: D | HA9: A | HB9: B | HC9: B | HD9: B | HE9: A | HF9: A | HG9: A | HH9: B | HI9: B | HJ9: C | HK9: C | HL9: B | HM9: D | HN9: B | HO9: B | HP9: B | HQ9: C | HR9: A | HS9: A | HT9: A | HU9: C | HV9: B | HW9: B | HX9: A | HY9: C | HZ9: B | IA9: A | IB9: B | IC9: B | ID9: A | IE9: C | IF9: B | IG9: C | IH9: C | II9: C | IJ9: A | IK9: A | IL9: B | IM9: A | IN9: A | IO9: A | IP9: C | IQ9: D | IR9: C
A10: cerro tofeme monteria 1sesion [4053] | D10: TRIVIÑO AYALA JONATHAN | E10: 5712 | G10: 56.0 | H10: 120.0 | I10: 46.7 | J10: mar. 14 2026 09:28 a.Â m. | K10: mar. 14 2026 09:34 a.Â m. | M10: 1 | N10: 1 | O10: 0 | P10: 0 | Q10: 0 | R10: 1 | S10: 1 | T10: 0 | U10: 1 | V10: 0 | W10: 0 | X10: 0 | Y10: 1 | Z10: 0 | AA10: 1 | AB10: 0 | AC10: 1 | AD10: 0 | AE10: 1 | AF10: 1 | AG10: 1 | AH10: 1 | AI10: 1 | AJ10: 1 | AK10: 0 | AL10: 0 | AM10: 0 | AN10: 1 | AO10: 1 | AP10: 1 | AQ10: 1 | AR10: 1 | AS10: 0 | AT10: 1 | AU10: 1 | AV10: 1 | AW10: 1 | AX10: 0 | AY10: 1 | AZ10: 0 | BA10: 0 | BB10: 0 | BC10: 0 | BD10: 1 | BE10: 0 | BF10: 0 | BG10: 0 | BH10: 1 | BI10: 0 | BJ10: 0 | BK10: 1 | BL10: 1 | BM10: 1 | BN10: 0 | BO10: 0 | BP10: 1 | BQ10: 1 | BR10: 1 | BS10: 1 | BT10: 1 | BU10: 0 | BV10: 1 | BW10: 0 | BX10: 0 | BY10: 0 | BZ10: 0 | CA10: 0 | CB10: 0 | CC10: 1 | CD10: 0 | CE10: 1 | CF10: 0 | CG10: 0 | CH10: 0 | CI10: 0 | CJ10: 1 | CK10: 1 | CL10: 0 | CM10: 0 | CN10: 0 | CO10: 0 | CP10: 0 | CQ10: 0 | CR10: 0 | CS10: 0 | CT10: 1 | CU10: 0 | CV10: 0 | CW10: 1 | CX10: 0 | CY10: 1 | CZ10: 1 | DA10: 0 | DB10: 1 | DC10: 0 | DD10: 0 | DE10: 1 | DF10: 1 | DG10: 0 | DH10: 0 | DI10: 1 | DJ10: 0 | DK10: 1 | DL10: 1 | DM10: 0 | DN10: 1 | DO10: 0 | DP10: 1 | DQ10: 1 | DR10: 0 | DS10: 0 | DT10: 1 | DU10: 0 | DV10: 1 | DW10: 0 | DX10: 0 | DY10: 0 | DZ10: 1 | EA10: 0 | EB10: 1 | EC10: C | ED10: B | EE10: C | EF10: A | EG10: D | EH10: B | EI10: D | EJ10: D | EK10: B | EL10: B | EM10: B | EN10: D | EO10: D | EP10: C | EQ10: B | ER10: B | ES10: D | ET10: B | EU10: D | EV10: D | EW10: B | EX10: C | EY10: D | EZ10: C | FA10: A | FB10: D | FC10: D | FD10: C | FE10: C | FF10: C | FG10: C | FH10: D | FI10: B | FJ10: D | FK10: A | FL10: D | FM10: A | FN10: C | FO10: C | FP10: B | FQ10: A | FR10: C | FS10: C | FT10: B | FU10: C | FV10: A | FW10: A | FX10: B | FY10: A | FZ10: D | GA10: B | GB10: C | GC10: D | GD10: D | GE10: D | GF10: B | GG10: B | GH10: A | GI10: A | GJ10: D | GK10: A | GL10: D | GM10: C | GN10: D | GO10: C | GP10: D | GQ10: C | GR10: C | GS10: A | GT10: B | GU10: D | GV10: C | GW10: D | GX10: A | GY10: C | GZ10: C | HA10: A | HB10: B | HC10: B | HD10: C | HE10: C | HF10: A | HG10: D | HH10: A | HI10: C | HJ10: C | HK10: D | HL10: D | HM10: D | HN10: C | HO10: B | HP10: B | HQ10: A | HR10: A | HS10: A | HT10: C | HU10: B | HV10: A | HW10: B | HX10: C | HY10: C | HZ10: A | IA10: C | IB10: B | IC10: C | ID10: A | IE10: D | IF10: B | IG10: C | IH10: C | II10: B | IJ10: A | IK10: A | IL10: B | IM10: D | IN10: A | IO10: D | IP10: C | IQ10: A | IR10: C
A11: cerro tofeme monteria 1sesion [4053] | D11: VELASQUEZ GANOT MARIA JOSE | E11: 5713 | G11: 47.0 | H11: 120.0 | I11: 39.2 | J11: mar. 14 2026 09:28 a.Â m. | K11: mar. 14 2026 09:34 a.Â m. | M11: 1 | N11: 1 | O11: 0 | P11: 0 | Q11: 1 | R11: 1 | S11: 0 | T11: 1 | U11: 1 | V11: 0 | W11: 0 | X11: 1 | Y11: 0 | Z11: 0 | AA11: 0 | AB11: 0 | AC11: 0 | AD11: 1 | AE11: 1 | AF11: 0 | AG11: 0 | AH11: 0 | AI11: 0 | AJ11: 0 | AK11: 1 | AL11: 1 | AM11: 1 | AN11: 0 | AO11: 1 | AP11: 1 | AQ11: 1 | AR11: 0 | AS11: 0 | AT11: 0 | AU11: 1 | AV11: 1 | AW11: 0 | AX11: 0 | AY11: 0 | AZ11: 1 | BA11: 1 | BB11: 0 | BC11: 0 | BD11: 0 | BE11: 0 | BF11: 0 | BG11: 0 | BH11: 1 | BI11: 1 | BJ11: 1 | BK11: 1 | BL11: 0 | BM11: 1 | BN11: 1 | BO11: 0 | BP11: 1 | BQ11: 0 | BR11: 0 | BS11: 0 | BT11: 0 | BU11: 0 | BV11: 0 | BW11: 1 | BX11: 0 | BY11: 0 | BZ11: 1 | CA11: 0 | CB11: 0 | CC11: 0 | CD11: 0 | CE11: 0 | CF11: 0 | CG11: 0 | CH11: 1 | CI11: 1 | CJ11: 1 | CK11: 1 | CL11: 0 | CM11: 0 | CN11: 1 | CO11: 0 | CP11: 0 | CQ11: 0 | CR11: 0 | CS11: 0 | CT11: 1 | CU11: 0 | CV11: 0 | CW11: 1 | CX11: 0 | CY11: 1 | CZ11: 1 | DA11: 0 | DB11: 0 | DC11: 1 | DD11: 0 | DE11: 0 | DF11: 1 | DG11: 0 | DH11: 0 | DI11: 1 | DJ11: 0 | DK11: 0 | DL11: 1 | DM11: 1 | DN11: 0 | DO11: 0 | DP11: 1 | DQ11: 0 | DR11: 0 | DS11: 0 | DT11: 0 | DU11: 1 | DV11: 0 | DW11: 0 | DX11: 1 | DY11: 1 | DZ11: 1 | EA11: 0 | EB11: 0 | EC11: C | ED11: B | EE11: C | EF11: A | EG11: C | EH11: B | EI11: C | EJ11: C | EK11: B | EL11: B | EM11: B | EN11: C | EO11: C | EP11: C | EQ11: D | ER11: A | ES11: C | ET11: C | EU11: D | EV11: A | EW11: D | EX11: B | EY11: C | EZ11: B | FA11: C | FB11: A | FC11: B | FD11: A | FE11: C | FF11: C | FG11: C | FH11: C | FI11: D | FJ11: C | FK11: A | FL11: D | FM11: C | FN11: B | FO11: B | FP11: C | FQ11: D | FR11: C | FS11: C | FT11: C | FU11: C | FV11: B | FW11: B | FX11: B | FY11: D | FZ11: C | GA11: B | GB11: B | GC11: D | GD11: B | GE11: B | GF11: B | GG11: C | GH11: B | GI11: B | GJ11: A | GK11: C | GL11: C | GM11: B | GN11: B | GO11: B | GP11: C | GQ11: C | GR11: B | GS11: B | GT11: A | GU11: C | GV11: C | GW11: B | GX11: B | GY11: B | GZ11: C | HA11: A | HB11: B | HC11: B | HD11: A | HE11: B | HF11: A | HG11: B | HH11: C | HI11: D | HJ11: C | HK11: C | HL11: A | HM11: D | HN11: C | HO11: B | HP11: B | HQ11: B | HR11: C | HS11: C | HT11: B | HU11: C | HV11: A | HW11: B | HX11: C | HY11: C | HZ11: A | IA11: A | IB11: B | IC11: B | ID11: D | IE11: D | IF11: B | IG11: A | IH11: B | II11: B | IJ11: D | IK11: B | IL11: C | IM11: B | IN11: B | IO11: C | IP11: C | IQ11: C | IR11: B
A12: cerro tofeme monteria 1sesion [4053] | D12: ZARZA BARRAGAN JOHAN SEBASTIAN | E12: 5714 | G12: 39.0 | H12: 120.0 | I12: 32.5 | J12: mar. 14 2026 09:28 a.Â m. | K12: mar. 14 2026 09:34 a.Â m. | M12: 1 | N12: 1 | O12: 1 | P12: 0 | Q12: 0 | R12: 1 | S12: 0 | T12: 0 | U12: 1 | V12: 0 | W12: 1 | X12: 0 | Y12: 0 | Z12: 0 | AA12: 0 | AB12: 0 | AC12: 0 | AD12: 0 | AE12: 1 | AF12: 1 | AG12: 0 | AH12: 1 | AI12: 0 | AJ12: 0 | AK12: 0 | AL12: 0 | AM12: 0 | AN12: 0 | AO12: 1 | AP12: 0 | AQ12: 1 | AR12: 0 | AS12: 0 | AT12: 0 | AU12: 0 | AV12: 0 | AW12: 1 | AX12: 0 | AY12: 1 | AZ12: 1 | BA12: 1 | BB12: 0 | BC12: 0 | BD12: 0 | BE12: 1 | BF12: 0 | BG12: 0 | BH12: 1 | BI12: 0 | BJ12: 0 | BK12: 0 | BL12: 0 | BM12: 0 | BN12: 1 | BO12: 0 | BP12: 1 | BQ12: 1 | BR12: 1 | BS12: 0 | BT12: 0 | BU12: 0 | BV12: 0 | BW12: 0 | BX12: 1 | BY12: 0 | BZ12: 0 | CA12: 0 | CB12: 1 | CC12: 0 | CD12: 0 | CE12: 1 | CF12: 0 | CG12: 0 | CH12: 0 | CI12: 0 | CJ12: 0 | CK12: 1 | CL12: 1 | CM12: 0 | CN12: 0 | CO12: 0 | CP12: 0 | CQ12: 0 | CR12: 1 | CS12: 0 | CT12: 0 | CU12: 0 | CV12: 0 | CW12: 1 | CX12: 0 | CY12: 0 | CZ12: 1 | DA12: 1 | DB12: 0 | DC12: 0 | DD12: 1 | DE12: 0 | DF12: 0 | DG12: 0 | DH12: 0 | DI12: 1 | DJ12: 0 | DK12: 0 | DL12: 0 | DM12: 0 | DN12: 0 | DO12: 1 | DP12: 1 | DQ12: 1 | DR12: 0 | DS12: 0 | DT12: 1 | DU12: 0 | DV12: 0 | DW12: 0 | DX12: 0 | DY12: 0 | DZ12: 1 | EA12: 1 | EB12: 1 | EC12: C | ED12: B | EE12: B | EF12: A | EG12: B | EH12: B | EI12: A | EJ12: B | EK12: B | EL12: B | EM12: C | EN12: D | EO12: A | EP12: C | EQ12: D | ER12: D | ES12: A | ET12: D | EU12: D | EV12: D | EW12: D | EX12: C | EY12: B | EZ12: B | FA12: D | FB12: D | FC12: A | FD12: A | FE12: C | FF12: A | FG12: C | FH12: C | FI12: D | FJ12: C | FK12: B | FL12: C | FM12: A | FN12: C | FO12: C | FP12: C | FQ12: D | FR12: C | FS12: B | FT12: C | FU12: D | FV12: D | FW12: A | FX12: B | FY12: A | FZ12: D | GA12: A | GB12: A | GC12: A | GD12: B | GE12: B | GF12: B | GG12: B | GH12: A | GI12: C | GJ12: A | GK12: A | GL12: C | GM12: C | GN12: C | GO12: A | GP12: B | GQ12: D | GR12: A | GS12: B | GT12: A | GU12: D | GV12: C | GW12: D | GX12: C | GY12: D | GZ12: B | HA12: A | HB12: D | HC12: C | HD12: C | HE12: B | HF12: A | HG12: B | HH12: B | HI12: C | HJ12: B | HK12: C | HL12: A | HM12: D | HN12: D | HO12: C | HP12: B | HQ12: C | HR12: C | HS12: A | HT12: D | HU12: A | HV12: C | HW12: B | HX12: D | HY12: C | HZ12: A | IA12: D | IB12: A | IC12: A | ID12: C | IE12: A | IF12: B | IG12: C | IH12: C | II12: D | IJ12: A | IK12: C | IL12: C | IM12: A | IN12: A | IO12: A | IP12: C | IQ12: D | IR12: C
A13: cerro tofeme monteria 1sesion [4053] | D13: BENITEZ GALINDO SAMUEL DAVID | E13: 5801 | G13: 38.0 | H13: 120.0 | I13: 31.7 | J13: mar. 14 2026 09:30 a.Â m. | K13: mar. 14 2026 09:34 a.Â m. | M13: 1 | N13: 0 | O13: 1 | P13: 0 | Q13: 0 | R13: 0 | S13: 0 | T13: 1 | U13: 1 | V13: 0 | W13: 0 | X13: 1 | Y13: 1 | Z13: 0 | AA13: 0 | AB13: 0 | AC13: 0 | AD13: 0 | AE13: 0 | AF13: 0 | AG13: 0 | AH13: 1 | AI13: 0 | AJ13: 1 | AK13: 0 | AL13: 0 | AM13: 0 | AN13: 1 | AO13: 1 | AP13: 0 | AQ13: 0 | AR13: 0 | AS13: 0 | AT13: 0 | AU13: 1 | AV13: 1 | AW13: 0 | AX13: 1 | AY13: 0 | AZ13: 1 | BA13: 1 | BB13: 0 | BC13: 0 | BD13: 1 | BE13: 1 | BF13: 0 | BG13: 0 | BH13: 1 | BI13: 0 | BJ13: 0 | BK13: 1 | BL13: 0 | BM13: 0 | BN13: 1 | BO13: 0 | BP13: 0 | BQ13: 1 | BR13: 1 | BS13: 0 | BT13: 0 | BU13: 0 | BV13: 0 | BW13: 0 | BX13: 1 | BY13: 0 | BZ13: 0 | CA13: 0 | CB13: 0 | CC13: 0 | CD13: 1 | CE13: 0 | CF13: 1 | CG13: 0 | CH13: 1 | CI13: 0 | CJ13: 0 | CK13: 0 | CL13: 0 | CM13: 0 | CN13: 0 | CO13: 0 | CP13: 0 | CQ13: 1 | CR13: 1 | CS13: 0 | CT13: 0 | CU13: 1 | CV13: 0 | CW13: 0 | CX13: 0 | CY13: 0 | CZ13: 0 | DA13: 1 | DB13: 0 | DC13: 1 | DD13: 0 | DE13: 0 | DF13: 1 | DG13: 0 | DH13: 1 | DI13: 0 | DJ13: 0 | DK13: 0 | DL13: 0 | DM13: 0 | DN13: 0 | DO13: 1 | DP13: 1 | DQ13: 0 | DR13: 0 | DS13: 0 | DT13: 0 | DU13: 0 | DV13: 0 | DW13: 0 | DX13: 1 | DY13: 0 | DZ13: 0 | EA13: 1 | EB13: 1 | EC13: C | ED13: A | EE13: B | EF13: C | EG13: A | EH13: A | EI13: A | EJ13: C | EK13: B | EL13: D | EM13: B | EN13: C | EO13: D | EP13: C | EQ13: A | ER13: A | ES13: C | ET13: B | EU13: B | EV13: A | EW13: D | EX13: C | EY13: B | EZ13: C | FA13: A | FB13: D | FC13: A | FD13: C | FE13: C | FF13: A | FG13: B | FH13: C | FI13: B | FJ13: A | FK13: A | FL13: D | FM13: B | FN13: D | FO13: A | FP13: C | FQ13: D | FR13: C | FS13: C | FT13: B | FU13: D | FV13: A | FW13: A | FX13: B | FY13: C | FZ13: D | GA13: B | GB13: D | GC13: C | GD13: B | GE13: D | GF13: C | GG13: B | GH13: A | GI13: D | GJ13: C | GK13: B | GL13: C | GM13: A | GN13: C | GO13: B | GP13: D | GQ13: D | GR13: C | GS13: B | GT13: C | GU13: C | GV13: A | GW13: D | GX13: B | GY13: A | GZ13: A | HA13: D | HB13: B | HC13: B | HD13: D | HE13: C | HF13: A | HG13: C | HH13: B | HI13: C | HJ13: D | HK13: B | HL13: A | HM13: C | HN13: B | HO13: D | HP13: C | HQ13: C | HR13: B | HS13: C | HT13: B | HU13: D | HV13: A | HW13: B | HX13: B | HY13: A | HZ13: C | IA13: D | IB13: C | IC13: A | ID13: B | IE13: A | IF13: B | IG13: A | IH13: C | II13: D | IJ13: C | IK13: A | IL13: C | IM13: D | IN13: B | IO13: B | IP13: A | IQ13: D | IR13: C
A14: cerro tofeme monteria 1sesion [4053] | D14: CASTAÑO EMERIS DANIELA LUCIA | E14: 5802 | G14: 33.0 | H14: 120.0 | I14: 27.5 | J14: mar. 14 2026 09:30 a.Â m. | K14: mar. 14 2026 09:34 a.Â m. | M14: 1 | N14: 1 | O14: 0 | P14: 0 | Q14: 0 | R14: 0 | S14: 0 | T14: 1 | U14: 0 | V14: 0 | W14: 1 | X14: 1 | Y14: 1 | Z14: 0 | AA14: 0 | AB14: 0 | AC14: 1 | AD14: 0 | AE14: 1 | AF14: 0 | AG14: 0 | AH14: 0 | AI14: 0 | AJ14: 0 | AK14: 0 | AL14: 0 | AM14: 0 | AN14: 0 | AO14: 0 | AP14: 0 | AQ14: 0 | AR14: 1 | AS14: 0 | AT14: 0 | AU14: 1 | AV14: 0 | AW14: 1 | AX14: 0 | AY14: 0 | AZ14: 0 | BA14: 1 | BB14: 0 | BC14: 0 | BD14: 0 | BE14: 0 | BF14: 0 | BG14: 1 | BH14: 1 | BI14: 0 | BJ14: 0 | BK14: 0 | BL14: 0 | BM14: 1 | BN14: 1 | BO14: 0 | BP14: 0 | BQ14: 0 | BR14: 1 | BS14: 0 | BT14: 0 | BU14: 1 | BV14: 0 | BW14: 0 | BX14: 0 | BY14: 1 | BZ14: 0 | CA14: 0 | CB14: 0 | CC14: 0 | CD14: 0 | CE14: 1 | CF14: 0 | CG14: 0 | CH14: 1 | CI14: 0 | CJ14: 1 | CK14: 0 | CL14: 1 | CM14: 0 | CN14: 0 | CO14: 0 | CP14: 0 | CQ14: 1 | CR14: 1 | CS14: 0 | CT14: 0 | CU14: 1 | CV14: 1 | CW14: 0 | CX14: 0 | CY14: 0 | CZ14: 0 | DA14: 1 | DB14: 0 | DC14: 0 | DD14: 0 | DE14: 0 | DF14: 0 | DG14: 0 | DH14: 0 | DI14: 0 | DJ14: 0 | DK14: 1 | DL14: 0 | DM14: 0 | DN14: 1 | DO14: 0 | DP14: 0 | DQ14: 1 | DR14: 0 | DS14: 0 | DT14: 0 | DU14: 0 | DV14: 1 | DW14: 1 | DX14: 0 | DY14: 0 | DZ14: 0 | EA14: 0 | EB14: 0 | EC14: C | ED14: B | EE14: A | EF14: C | EG14: D | EH14: C | EI14: A | EJ14: C | EK14: C | EL14: B | EM14: C | EN14: C | EO14: D | EP14: B | EQ14: A | ER14: A | ES14: D | ET14: A | EU14: D | EV14: A | EW14: A | EX14: B | EY14: C | EZ14: B | FA14: D | FB14: D | FC14: C | FD14: D | FE14: B | FF14: D | FG14: A | FH14: D | FI14: B | FJ14: A | FK14: A | FL14: C | FM14: A | FN14: C | FO14: B | FP14: D | FQ14: D | FR14: B | FS14: B | FT14: D | FV14: A | FW14: D | FX14: B | FY14: C | FZ14: D | GA14: C | GB14: D | GC14: D | GD14: B | GE14: B | GF14: A | GG14: C | GH14: A | GI14: D | GJ14: B | GK14: D | GL14: A | GM14: A | GN14: D | GO14: D | GP14: D | GQ14: D | GR14: B | GS14: C | GT14: B | GU14: D | GV14: C | GW14: A | GX14: B | GY14: A | GZ14: C | HA14: D | HB14: D | HC14: B | HD14: C | HE14: D | HF14: A | HG14: C | HH14: B | HI14: C | HJ14: D | HK14: B | HL14: B | HM14: C | HN14: B | HO14: C | HP14: C | HQ14: C | HR14: C | HS14: B | HT14: C | HV14: B | HW14: C | HX14: C | HY14: A | HZ14: A | IA14: C | IB14: C | IC14: A | ID14: A | IE14: C | IF14: A | IG14: C | IH14: B | II14: A | IJ14: B | IK14: C | IL14: B | IM14: C | IN14: A | IO14: D | IP14: A | IQ14: A | IR14: B
A15: cerro tofeme monteria 1sesion [4053] | D15: CAUSIL RAMOS SANTIAGO DAVID | E15: 5803 | G15: 29.0 | H15: 120.0 | I15: 24.2 | J15: mar. 14 2026 09:30 a.Â m. | K15: mar. 14 2026 09:34 a.Â m. | M15: 0 | N15: 1 | O15: 0 | P15: 0 | Q15: 0 | R15: 0 | S15: 0 | T15: 1 | U15: 0 | V15: 0 | W15: 0 | X15: 0 | Y15: 0 | Z15: 1 | AA15: 0 | AB15: 0 | AC15: 0 | AD15: 0 | AE15: 0 | AF15: 0 | AG15: 0 | AH15: 1 | AI15: 0 | AJ15: 0 | AK15: 1 | AL15: 1 | AM15: 0 | AN15: 0 | AO15: 1 | AP15: 0 | AQ15: 0 | AR15: 1 | AS15: 0 | AT15: 0 | AU15: 1 | AV15: 1 | AW15: 0 | AX15: 0 | AY15: 0 | AZ15: 0 | BA15: 0 | BB15: 0 | BC15: 0 | BD15: 0 | BE15: 0 | BF15: 0 | BG15: 0 | BH15: 1 | BI15: 0 | BJ15: 0 | BK15: 1 | BL15: 0 | BM15: 1 | BN15: 0 | BO15: 0 | BP15: 0 | BQ15: 0 | BR15: 0 | BS15: 0 | BT15: 0 | BU15: 0 | BV15: 0 | BW15: 0 | BX15: 0 | BY15: 0 | BZ15: 0 | CA15: 0 | CB15: 0 | CC15: 0 | CD15: 0 | CE15: 0 | CF15: 0 | CG15: 0 | CH15: 0 | CI15: 0 | CJ15: 0 | CK15: 1 | CL15: 0 | CM15: 0 | CN15: 1 | CO15: 1 | CP15: 0 | CQ15: 0 | CR15: 0 | CS15: 0 | CT15: 0 | CU15: 1 | CV15: 0 | CW15: 0 | CX15: 0 | CY15: 0 | CZ15: 1 | DA15: 0 | DB15: 0 | DC15: 1 | DD15: 0 | DE15: 0 | DF15: 1 | DG15: 0 | DH15: 1 | DI15: 1 | DJ15: 0 | DK15: 0 | DL15: 0 | DM15: 0 | DN15: 1 | DO15: 1 | DP15: 1 | DQ15: 1 | DR15: 0 | DS15: 1 | DT15: 0 | DU15: 1 | DV15: 0 | DW15: 0 | DX15: 0 | DY15: 0 | DZ15: 1 | EA15: 0 | EB15: 0 | EC15: D | ED15: B | EE15: A | EF15: C | EG15: D | EH15: A | EI15: A | EJ15: C | EK15: D | EL15: A | EM15: A | EN15: D | EO15: B | EP15: A | EQ15: D | ER15: D | ES15: B | ET15: B | EU15: C | EV15: A | EW15: C | EX15: C | EY15: A | EZ15: D | FA15: C | FB15: A | FC15: A | FD15: A | FE15: C | FF15: B | FG15: D | FH15: D | FI15: A | FJ15: C | FK15: A | FL15: D | FM15: C | FN15: A | FO15: B | FP15: A | FQ15: A | FR15: B | FS15: A | FT15: C | FU15: A | FV15: A | FW15: B | FX15: B | FY15: B | FZ15: D | GA15: B | GB15: B | GC15: D | GD15: C | GE15: A | GF15: A | GG15: C | GH15: B | GI15: C | GJ15: A | GK15: B | GL15: A | GM15: D | GN15: B | GO15: A | GP15: B | GQ15: C | GR15: C | GS15: C | GT15: A | GU15: C | GV15: B | GW15: D | GX15: A | GY15: C | GZ15: A | HA15: A | HB15: B | HC15: A | HD15: A | HE15: A | HF15: A | HG15: D | HH15: A | HI15: C | HJ15: A | HK15: B | HL15: A | HM15: B | HN15: B | HO15: A | HP15: B | HQ15: B | HR15: C | HS15: C | HT15: B | HU15: A | HV15: A | HW15: B | HX15: B | HY15: C | HZ15: D | IA15: A | IB15: C | IC15: A | ID15: A | IE15: A | IF15: B | IG15: C | IH15: D | II15: C | IJ15: C | IK15: B | IL15: C | IM15: A | IN15: A | IO15: A | IP15: C | IQ15: C | IR15: B
A16: cerro tofeme monteria 1sesion [4053] | D16: CHAMORRO ARTEAGA JUAN DAVID | E16: 5804 | G16: 39.0 | H16: 120.0 | I16: 32.5 | J16: mar. 14 2026 09:30 a.Â m. | K16: mar. 14 2026 09:34 a.Â m. | M16: 1 | N16: 1 | O16: 0 | P16: 0 | Q16: 0 | R16: 1 | S16: 1 | T16: 0 | U16: 1 | V16: 0 | W16: 0 | X16: 0 | Y16: 1 | Z16: 0 | AA16: 1 | AB16: 0 | AC16: 0 | AD16: 0 | AE16: 1 | AF16: 0 | AG16: 0 | AH16: 0 | AI16: 1 | AJ16: 0 | AK16: 1 | AL16: 1 | AM16: 0 | AN16: 1 | AO16: 1 | AP16: 1 | AQ16: 0 | AR16: 0 | AS16: 1 | AT16: 1 | AU16: 0 | AV16: 0 | AW16: 1 | AX16: 0 | AY16: 0 | AZ16: 0 | BA16: 0 | BB16: 0 | BC16: 0 | BD16: 0 | BE16: 0 | BF16: 0 | BG16: 0 | BH16: 1 | BI16: 1 | BJ16: 0 | BK16: 0 | BL16: 1 | BM16: 0 | BN16: 1 | BO16: 0 | BP16: 0 | BQ16: 0 | BR16: 0 | BS16: 0 | BT16: 0 | BU16: 0 | BV16: 0 | BW16: 0 | BX16: 0 | BY16: 0 | BZ16: 1 | CA16: 0 | CB16: 1 | CC16: 1 | CD16: 1 | CE16: 0 | CF16: 0 | CG16: 0 | CH16: 0 | CI16: 0 | CJ16: 1 | CK16: 1 | CL16: 0 | CM16: 0 | CN16: 1 | CO16: 0 | CP16: 0 | CQ16: 1 | CR16: 0 | CS16: 1 | CT16: 1 | CU16: 0 | CV16: 0 | CW16: 0 | CX16: 0 | CY16: 0 | CZ16: 1 | DA16: 0 | DB16: 0 | DC16: 0 | DD16: 0 | DE16: 0 | DF16: 0 | DG16: 0 | DH16: 0 | DI16: 0 | DJ16: 0 | DK16: 0 | DL16: 1 | DM16: 0 | DN16: 0 | DO16: 0 | DP16: 0 | DQ16: 0 | DR16: 1 | DS16: 1 | DT16: 0 | DU16: 0 | DV16: 0 | DW16: 0 | DX16: 1 | DY16: 1 | DZ16: 1 | EA16: 0 | EB16: 1 | EC16: C | ED16: B | EE16: C | EF16: A | EG16: D | EH16: B | EI16: D | EJ16: D | EK16: B | EL16: B | EM16: B | EN16: D | EO16: D | EP16: C | EQ16: B | ER16: B | ES16: A | ET16: B | EU16: D | EV16: C | EW16: A | EX16: B | EY16: D | EZ16: B | FA16: C | FB16: A | FC16: A | FD16: C | FE16: C | FF16: C | FG16: D | FH16: A | FI16: C | FJ16: D | FK16: D | FL16: A | FM16: A | FN16: C | FO16: B | FP16: D | FQ16: B | FR16: C | FS16: A | FT16: C | FU16: B | FV16: A | FW16: A | FX16: B | FY16: D | FZ16: A | GA16: C | GB16: C | GC16: C | GD16: B | GE16: B | GF16: A | GG16: D | GH16: D | GI16: C | GJ16: A | GK16: B | GL16: C | GM16: A | GN16: D | GO16: B | GP16: C | GQ16: C | GR16: A | GS16: A | GT16: C | GU16: A | GV16: B | GW16: D | GX16: A | GY16: C | GZ16: C | HA16: A | HB16: A | HC16: B | HD16: A | HE16: B | HF16: B | HG16: C | HH16: A | HI16: B | HJ16: C | HK16: D | HL16: A | HM16: B | HN16: C | HO16: C | HP16: B | HQ16: D | HR16: C | HS16: A | HT16: A | HU16: C | HV16: B | HW16: D | HX16: A | HY16: B | HZ16: D | IA16: A | IB16: B | IC16: C | ID16: C | IE16: B | IF16: D | IG16: B | IH16: A | II16: C | IJ16: B | IK16: C | IL16: C | IM16: D | IN16: B | IO16: C | IP16: C | IQ16: C | IR16: C
A17: cerro tofeme monteria 1sesion [4053] | D17: FLOREZ HERNANDEZ BRAYAN ANDRES | E17: 5850 | G17: 55.0 | H17: 120.0 | I17: 45.8 | J17: mar. 14 2026 09:30 a.Â m. | K17: mar. 14 2026 09:34 a.Â m. | M17: 1 | N17: 0 | O17: 0 | P17: 0 | Q17: 1 | R17: 0 | S17: 0 | T17: 0 | U17: 0 | V17: 0 | W17: 0 | X17: 1 | Y17: 0 | Z17: 0 | AA17: 0 | AB17: 0 | AC17: 0 | AD17: 0 | AE17: 1 | AF17: 0 | AG17: 1 | AH17: 1 | AI17: 0 | AJ17: 0 | AK17: 0 | AL17: 1 | AM17: 0 | AN17: 0 | AO17: 1 | AP17: 0 | AQ17: 1 | AR17: 1 | AS17: 0 | AT17: 0 | AU17: 1 | AV17: 1 | AW17: 1 | AX17: 0 | AY17: 1 | AZ17: 0 | BA17: 0 | BB17: 1 | BC17: 1 | BD17: 0 | BE17: 0 | BF17: 0 | BG17: 0 | BH17: 1 | BI17: 1 | BJ17: 0 | BK17: 0 | BL17: 1 | BM17: 1 | BN17: 0 | BO17: 1 | BP17: 1 | BQ17: 1 | BR17: 1 | BS17: 0 | BT17: 0 | BU17: 0 | BV17: 1 | BW17: 1 | BX17: 1 | BY17: 0 | BZ17: 1 | CA17: 0 | CB17: 1 | CC17: 1 | CD17: 0 | CE17: 1 | CF17: 0 | CG17: 0 | CH17: 1 | CI17: 1 | CJ17: 0 | CK17: 1 | CL17: 1 | CM17: 0 | CN17: 1 | CO17: 1 | CP17: 0 | CQ17: 1 | CR17: 0 | CS17: 1 | CT17: 1 | CU17: 0 | CV17: 0 | CW17: 0 | CX17: 0 | CY17: 0 | CZ17: 1 | DA17: 0 | DB17: 0 | DC17: 0 | DD17: 1 | DE17: 0 | DF17: 1 | DG17: 1 | DH17: 1 | DI17: 1 | DJ17: 0 | DK17: 1 | DL17: 0 | DM17: 0 | DN17: 1 | DO17: 0 | DP17: 1 | DQ17: 0 | DR17: 1 | DS17: 0 | DT17: 0 | DU17: 0 | DV17: 1 | DW17: 0 | DX17: 1 | DY17: 0 | DZ17: 1 | EA17: 1 | EB17: 1 | EC17: C | ED17: A | EE17: D | EF17: D | EG17: C | EH17: A | EI17: A | EJ17: B | EK17: C | EL17: A | EM17: B | EN17: C | EO17: C | EP17: D | EQ17: A | ER17: A | ES17: A | ET17: D | EU17: D | EV17: A | EW17: B | EX17: C | EY17: B | EZ17: D | FA17: A | FB17: A | FC17: A | FD17: A | FE17: C | FF17: A | FG17: C | FH17: D | FI17: B | FJ17: C | FK17: A | FL17: D | FM17: A | FN17: B | FO17: C | FP17: D | FQ17: A | FR17: D | FS17: D | FT17: C | FU17: A | FV17: A | FW17: B | FX17: B | FY17: D | FZ17: D | GA17: A | GB17: C | GC17: D | GD17: C | GE17: C | GF17: B | GG17: B | GH17: A | GI17: D | GJ17: A | GK17: B | GL17: D | GM17: B | GN17: C | GO17: A | GP17: C | GQ17: D | GR17: A | GS17: A | GT17: D | GU17: D | GV17: C | GW17: D | GX17: B | GY17: B | GZ17: D | HA17: A | HB17: D | HC17: A | HD17: A | HE17: A | HF17: D | HG17: C | HH17: D | HI17: B | HJ17: C | HK17: D | HL17: C | HM17: B | HN17: D | HO17: D | HP17: B | HQ17: B | HR17: C | HS17: B | HT17: D | HU17: C | HV17: A | HW17: A | HX17: B | HY17: C | HZ17: D | IA17: C | IB17: C | IC17: D | ID17: A | IE17: B | IF17: B | IG17: B | IH17: A | II17: A | IJ17: B | IK17: D | IL17: B | IM17: D | IN17: B | IO17: B | IP17: C | IQ17: D | IR17: C
A18: cerro tofeme monteria 1sesion [4053] | D18: LOZANO BENITEZ HECTOR DAVID | E18: 5806 | G18: 42.0 | H18: 120.0 | I18: 35.0 | J18: mar. 14 2026 09:30 a.Â m. | K18: mar. 14 2026 09:34 a.Â m. | M18: 1 | N18: 0 | O18: 0 | P18: 0 | Q18: 0 | R18: 0 | S18: 0 | T18: 1 | U18: 1 | V18: 1 | W18: 1 | X18: 0 | Y18: 0 | Z18: 0 | AA18: 0 | AB18: 1 | AC18: 1 | AD18: 0 | AE18: 0 | AF18: 1 | AG18: 0 | AH18: 1 | AI18: 0 | AJ18: 1 | AK18: 1 | AL18: 0 | AM18: 0 | AN18: 1 | AO18: 1 | AP18: 0 | AQ18: 1 | AR18: 1 | AS18: 1 | AT18: 0 | AU18: 1 | AV18: 1 | AW18: 0 | AX18: 0 | AY18: 0 | AZ18: 1 | BA18: 1 | BB18: 0 | BC18: 0 | BD18: 1 | BE18: 1 | BF18: 0 | BG18: 0 | BH18: 1 | BI18: 1 | BJ18: 0 | BK18: 1 | BL18: 0 | BM18: 0 | BN18: 1 | BO18: 0 | BP18: 0 | BQ18: 0 | BR18: 1 | BS18: 0 | BT18: 0 | BU18: 0 | BV18: 0 | BW18: 0 | BX18: 0 | BY18: 0 | BZ18: 0 | CA18: 0 | CB18: 1 | CC18: 0 | CD18: 0 | CE18: 1 | CF18: 1 | CG18: 0 | CH18: 0 | CI18: 0 | CJ18: 0 | CK18: 0 | CL18: 0 | CM18: 0 | CN18: 0 | CO18: 0 | CP18: 0 | CQ18: 0 | CR18: 0 | CS18: 0 | CT18: 1 | CU18: 0 | CV18: 0 | CW18: 0 | CX18: 0 | CY18: 1 | CZ18: 1 | DA18: 0 | DB18: 1 | DC18: 0 | DD18: 0 | DE18: 0 | DF18: 1 | DG18: 0 | DH18: 1 | DI18: 0 | DJ18: 0 | DK18: 0 | DL18: 0 | DM18: 1 | DN18: 0 | DO18: 1 | DP18: 1 | DQ18: 0 | DR18: 0 | DS18: 0 | DT18: 0 | DU18: 0 | DV18: 1 | DW18: 0 | DX18: 0 | DY18: 0 | DZ18: 0 | EA18: 1 | EB18: 1 | EC18: C | ED18: C | EE18: A | EF18: C | EG18: D | EH18: A | EI18: A | EJ18: C | EK18: B | EL18: C | EM18: C | EN18: D | EO18: C | EP18: C | EQ18: D | ER18: C | ES18: D | ET18: A | EU18: B | EV18: D | EW18: D | EX18: C | EY18: A | EZ18: C | FA18: C | FB18: B | FC18: D | FD18: C | FE18: C | FF18: B | FG18: C | FH18: D | FI18: C | FJ18: C | FK18: A | FL18: D | FM18: D | FN18: A | FO18: A | FP18: C | FQ18: D | FR18: A | FS18: C | FT18: B | FU18: D | FV18: D | FW18: C | FX18: B | FY18: D | FZ18: B | GA18: B | GB18: D | GC18: A | GD18: B | GE18: B | GF18: C | GG18: A | GH18: A | GI18: B | GJ18: A | GK18: A | GL18: C | GM18: A | GN18: A | GO18: C | GP18: B | GQ18: C | GR18: A | GS18: D | GT18: A | GU18: D | GV18: A | GW18: A | GX18: D | GY18: C | GZ18: A | HA18: C | HB18: B | HC18: A | HD18: C | HE18: D | HF18: B | HG18: A | HH18: A | HI18: A | HJ18: C | HK18: C | HL18: A | HM18: A | HN18: C | HO18: B | HP18: B | HQ18: A | HR18: A | HS18: B | HT18: A | HU18: D | HV18: A | HW18: D | HX18: B | HY18: A | HZ18: A | IA18: D | IB18: A | IC18: B | ID18: C | IE18: A | IF18: B | IG18: A | IH18: C | II18: D | IJ18: B | IK18: A | IL18: B | IM18: B | IN18: D | IP18: B | IQ18: D | IR18: C
A19: cerro tofeme monteria 1sesion [4053] | D19: MACHADO CARVAJAL YANDRI VANESSA | E19: 5807 | G19: 42.0 | H19: 120.0 | I19: 35.0 | J19: mar. 14 2026 09:30 a.Â m. | K19: mar. 14 2026 09:34 a.Â m. | M19: 1 | N19: 1 | O19: 0 | P19: 0 | Q19: 0 | R19: 1 | S19: 0 | T19: 1 | U19: 1 | V19: 1 | W19: 0 | X19: 0 | Y19: 0 | Z19: 0 | AA19: 1 | AB19: 0 | AC19: 0 | AD19: 0 | AE19: 1 | AF19: 0 | AG19: 1 | AH19: 0 | AI19: 1 | AJ19: 1 | AK19: 0 | AL19: 1 | AM19: 1 | AN19: 0 | AO19: 0 | AP19: 0 | AQ19: 1 | AR19: 0 | AS19: 1 | AT19: 0 | AU19: 0 | AV19: 0 | AW19: 0 | AX19: 0 | AY19: 0 | AZ19: 0 | BA19: 0 | BB19: 0 | BC19: 0 | BD19: 1 | BE19: 0 | BF19: 0 | BG19: 0 | BH19: 1 | BI19: 1 | BJ19: 1 | BK19: 0 | BL19: 1 | BM19: 1 | BN19: 1 | BO19: 0 | BP19: 0 | BQ19: 1 | BR19: 0 | BS19: 1 | BT19: 0 | BU19: 0 | BV19: 0 | BW19: 1 | BX19: 0 | BY19: 1 | BZ19: 1 | CA19: 1 | CB19: 0 | CC19: 0 | CD19: 1 | CE19: 0 | CF19: 1 | CG19: 0 | CH19: 0 | CI19: 1 | CJ19: 0 | CK19: 1 | CL19: 0 | CM19: 0 | CN19: 0 | CO19: 0 | CP19: 0 | CQ19: 1 | CR19: 1 | CS19: 0 | CT19: 0 | CU19: 0 | CV19: 0 | CW19: 0 | CX19: 0 | CY19: 0 | CZ19: 1 | DA19: 0 | DB19: 1 | DC19: 0 | DD19: 0 | DE19: 0 | DF19: 0 | DG19: 0 | DH19: 0 | DI19: 0 | DJ19: 0 | DK19: 0 | DL19: 1 | DM19: 0 | DN19: 0 | DO19: 0 | DP19: 1 | DQ19: 0 | DR19: 0 | DS19: 0 | DT19: 0 | DU19: 1 | DV19: 0 | DW19: 1 | DX19: 0 | DY19: 0 | DZ19: 1 | EA19: 0 | EB19: 1 | EC19: C | ED19: B | EE19: A | EF19: C | EG19: D | EH19: B | EI19: B | EJ19: C | EK19: B | EL19: C | EM19: B | EN19: D | EO19: C | EP19: C | EQ19: B | ER19: A | ES19: A | ET19: D | EU19: D | EV19: C | EW19: B | EX19: A | EY19: D | EZ19: C | FA19: B | FB19: A | FC19: B | FD19: D | FE19: D | FF19: D | FG19: C | FH19: C | FI19: C | FJ19: C | FK19: D | FL19: A | FM19: B | FN19: C | FO19: D | FP19: D | FQ19: B | FR19: C | FS19: A | FT19: B | FU19: C | FV19: A | FW19: B | FX19: B | FY19: D | FZ19: C | GA19: A | GB19: C | GC19: D | GD19: B | GE19: B | GF19: C | GG19: B | GH19: C | GI19: A | GJ19: A | GK19: B | GL19: C | GM19: B | GN19: B | GO19: D | GP19: C | GQ19: B | GR19: D | GS19: B | GT19: C | GU19: C | GV19: A | GW19: D | GX19: A | GY19: B | GZ19: D | HA19: A | HB19: B | HC19: A | HD19: C | HE19: B | HF19: A | HG19: C | HH19: B | HI19: D | HJ19: D | HK19: C | HL19: D | HM19: B | HN19: C | HO19: A | HP19: B | HQ19: B | HR19: A | HS19: B | HT19: C | HU19: C | HV19: B | HW19: D | HX19: C | HY19: B | HZ19: A | IA19: B | IB19: B | IC19: A | ID19: D | IE19: B | IF19: B | IG19: A | IH19: C | II19: A | IJ19: D | IK19: B | IL19: C | IM19: C | IN19: A | IO19: B | IP19: C | IQ19: C | IR19: C
A20: cerro tofeme monteria 1sesion [4053] | D20: MARTINEZ CAUCIL SARETH MILENA | E20: 5808 | G20: 37.0 | H20: 120.0 | I20: 30.8 | J20: mar. 14 2026 09:30 a.Â m. | K20: mar. 14 2026 09:34 a.Â m. | M20: 0 | N20: 1 | O20: 0 | P20: 0 | Q20: 0 | R20: 0 | S20: 0 | T20: 1 | U20: 0 | V20: 1 | W20: 1 | X20: 0 | Y20: 1 | Z20: 1 | AA20: 0 | AB20: 0 | AC20: 0 | AD20: 0 | AE20: 0 | AF20: 1 | AG20: 1 | AH20: 0 | AI20: 0 | AJ20: 0 | AK20: 0 | AL20: 0 | AM20: 1 | AN20: 0 | AO20: 0 | AP20: 1 | AQ20: 0 | AR20: 0 | AS20: 0 | AT20: 1 | AU20: 1 | AV20: 1 | AW20: 0 | AX20: 0 | AY20: 1 | AZ20: 0 | BA20: 0 | BB20: 0 | BC20: 0 | BD20: 0 | BE20: 0 | BF20: 0 | BG20: 0 | BH20: 1 | BI20: 1 | BJ20: 1 | BK20: 0 | BL20: 0 | BM20: 0 | BN20: 0 | BO20: 0 | BP20: 0 | BQ20: 0 | BR20: 0 | BS20: 0 | BT20: 0 | BU20: 0 | BV20: 0 | BW20: 0 | BX20: 1 | BY20: 0 | BZ20: 0 | CA20: 0 | CB20: 0 | CC20: 1 | CD20: 0 | CE20: 0 | CF20: 0 | CG20: 1 | CH20: 1 | CI20: 0 | CJ20: 0 | CK20: 0 | CL20: 0 | CM20: 0 | CN20: 0 | CO20: 0 | CP20: 0 | CQ20: 0 | CR20: 1 | CS20: 0 | CT20: 0 | CU20: 0 | CV20: 1 | CW20: 0 | CX20: 0 | CY20: 0 | CZ20: 0 | DA20: 0 | DB20: 1 | DC20: 1 | DD20: 0 | DE20: 0 | DF20: 0 | DG20: 1 | DH20: 1 | DI20: 0 | DJ20: 1 | DK20: 1 | DL20: 0 | DM20: 1 | DN20: 0 | DO20: 1 | DP20: 1 | DQ20: 1 | DR20: 1 | DS20: 0 | DT20: 0 | DU20: 1 | DV20: 1 | DW20: 0 | DX20: 0 | DY20: 0 | DZ20: 1 | EA20: 0 | EB20: 0 | EC20: A | ED20: B | EE20: C | EF20: A | EG20: D | EH20: C | EI20: A | EJ20: C | EK20: C | EL20: C | EM20: C | EN20: D | EO20: D | EP20: A | EQ20: C | ER20: A | ES20: A | ET20: A | EU20: A | EV20: D | EW20: B | EX20: B | EY20: C | EZ20: A | FA20: A | FB20: D | FC20: B | FD20: B | FE20: A | FF20: C | FG20: D | FH20: A | FI20: A | FJ20: D | FK20: A | FL20: D | FM20: B | FN20: B | FO20: C | FP20: A | FQ20: C | FR20: C | FS20: B | FT20: C | FU20: A | FV20: A | FW20: C | FX20: B | FY20: D | FZ20: C | GA20: C | GB20: B | GC20: C | GD20: D | GE20: A | GF20: A | GG20: D | GH20: D | GI20: B | GJ20: A | GK20: B | GL20: C | GM20: A | GN20: C | GO20: B | GP20: D | GQ20: D | GR20: B | GS20: A | GT20: B | GU20: C | GV20: B | GW20: C | GX20: B | GY20: A | GZ20: D | HA20: D | HB20: B | HC20: C | HD20: B | HE20: C | HF20: D | HG20: A | HH20: B | HI20: C | HJ20: D | HK20: D | HL20: B | HM20: B | HN20: D | HO20: C | HP20: C | HQ20: D | HR20: A | HS20: C | HT20: C | HU20: C | HV20: B | HW20: A | HX20: B | HY20: D | HZ20: B | IA20: C | IB20: D | IC20: B | ID20: C | IE20: A | IF20: B | IG20: C | IH20: A | II20: B | IJ20: C | IK20: B | IL20: B | IM20: A | IN20: A | IO20: D | IP20: C | IQ20: B | IR20: B
A21: cerro tofeme monteria 1sesion [4053] | D21: MERCADO RAMOS DANIELA SOFIA | E21: 5810 | G21: 25.0 | H21: 120.0 | I21: 20.8 | J21: mar. 14 2026 09:31 a.Â m. | K21: mar. 14 2026 09:34 a.Â m. | M21: 0 | N21: 1 | O21: 0 | P21: 0 | Q21: 0 | R21: 1 | S21: 0 | T21: 0 | U21: 0 | V21: 0 | W21: 0 | X21: 1 | Y21: 1 | Z21: 0 | AA21: 1 | AB21: 0 | AC21: 0 | AD21: 0 | AE21: 0 | AF21: 0 | AG21: 0 | AH21: 0 | AI21: 0 | AJ21: 0 | AK21: 1 | AL21: 1 | AM21: 0 | AN21: 0 | AO21: 1 | AP21: 0 | AQ21: 0 | AR21: 0 | AS21: 0 | AT21: 0 | AU21: 0 | AV21: 0 | AW21: 0 | AX21: 0 | AY21: 0 | AZ21: 1 | BA21: 0 | BB21: 0 | BC21: 0 | BD21: 0 | BE21: 0 | BF21: 0 | BG21: 0 | BH21: 1 | BI21: 0 | BJ21: 0 | BK21: 0 | BL21: 1 | BM21: 0 | BN21: 0 | BO21: 0 | BP21: 1 | BQ21: 0 | BR21: 0 | BS21: 0 | BT21: 0 | BU21: 0 | BV21: 0 | BW21: 0 | BX21: 0 | BY21: 0 | BZ21: 1 | CA21: 1 | CB21: 0 | CC21: 0 | CD21: 1 | CE21: 0 | CF21: 0 | CG21: 1 | CH21: 1 | CI21: 0 | CJ21: 0 | CK21: 0 | CL21: 0 | CM21: 0 | CN21: 0 | CO21: 0 | CP21: 1 | CQ21: 0 | CR21: 0 | CS21: 1 | CT21: 0 | CU21: 1 | CV21: 0 | CW21: 0 | CX21: 0 | CY21: 0 | CZ21: 0 | DA21: 0 | DB21: 0 | DC21: 0 | DD21: 0 | DE21: 0 | DF21: 0 | DG21: 0 | DH21: 0 | DI21: 0 | DJ21: 1 | DK21: 1 | DL21: 0 | DM21: 0 | DN21: 0 | DO21: 0 | DP21: 1 | DQ21: 1 | DR21: 1 | DS21: 0 | DT21: 0 | DU21: 0 | DV21: 0 | DW21: 0 | DX21: 0 | DY21: 0 | DZ21: 0 | EA21: 0 | EB21: 0 | EC21: D | ED21: B | EE21: A | EF21: C | EG21: D | EH21: B | EI21: C | EJ21: A | EK21: D | EL21: B | EM21: D | EN21: C | EO21: D | EP21: C | EQ21: B | ER21: D | ES21: B | ET21: B | EU21: C | EV21: A | EW21: D | EX21: D | EY21: B | EZ21: B | FA21: C | FB21: A | FC21: A | FD21: B | FE21: C | FF21: A | FG21: D | FH21: C | FI21: D | FJ21: C | FK21: B | FL21: C | FM21: B | FN21: A | FO21: B | FP21: C | FQ21: B | FR21: A | FS21: B | FT21: C | FU21: A | FV21: B | FW21: C | FX21: B | FY21: C | FZ21: B | GA21: A | GB21: C | GC21: A | GD21: D | GE21: A | GF21: B | GG21: C | GH21: D | GI21: B | GJ21: A | GK21: C | GL21: B | GM21: C | GN21: D | GO21: A | GP21: C | GQ21: B | GR21: B | GS21: B | GT21: C | GU21: A | GV21: D | GW21: C | GX21: B | GY21: C | GZ21: B | HA21: D | HB21: A | HC21: C | HD21: B | HE21: D | HF21: C | HG21: A | HH21: C | HI21: B | HJ21: D | HK21: B | HL21: C | HM21: C | HN21: B | HO21: D | HP21: C | HQ21: A | HR21: C | HS21: D | HT21: B | HU21: C | HV21: B | HW21: D | HX21: D | HY21: D | HZ21: B | IA21: C | IB21: C | IC21: D | ID21: B | IE21: C | IF21: B | IG21: C | IH21: A | II21: B | IJ21: C | IK21: A | IL21: C | IM21: B | IN21: A | IO21: B | IP21: B | IQ21: A | IR21: D
A22: cerro tofeme monteria 1sesion [4053] | D22: RAMOS MESTRA FABIAN DE JESUS | E22: 5811 | G22: 33.0 | H22: 120.0 | I22: 27.5 | J22: mar. 14 2026 09:31 a.Â m. | K22: mar. 14 2026 09:34 a.Â m. | M22: 1 | N22: 1 | O22: 0 | P22: 1 | Q22: 1 | R22: 1 | S22: 0 | T22: 0 | U22: 1 | V22: 0 | W22: 1 | X22: 1 | Y22: 0 | Z22: 0 | AA22: 1 | AB22: 0 | AC22: 1 | AD22: 0 | AE22: 1 | AF22: 0 | AG22: 1 | AH22: 0 | AI22: 0 | AJ22: 0 | AK22: 0 | AL22: 1 | AM22: 0 | AN22: 0 | AO22: 1 | AP22: 0 | AQ22: 0 | AR22: 0 | AS22: 0 | AT22: 1 | AU22: 0 | AV22: 0 | AW22: 0 | AX22: 0 | AY22: 1 | AZ22: 0 | BA22: 1 | BB22: 0 | BC22: 0 | BD22: 1 | BE22: 0 | BF22: 0 | BG22: 0 | BH22: 1 | BI22: 0 | BJ22: 0 | BK22: 1 | BL22: 0 | BM22: 0 | BN22: 0 | BO22: 0 | BP22: 1 | BQ22: 0 | BR22: 0 | BS22: 0 | BT22: 0 | BU22: 0 | BV22: 0 | BW22: 0 | BX22: 0 | BY22: 0 | BZ22: 0 | CA22: 0 | CB22: 0 | CC22: 1 | CD22: 0 | CE22: 0 | CF22: 0 | CG22: 0 | CH22: 0 | CI22: 0 | CJ22: 0 | CK22: 0 | CL22: 1 | CM22: 1 | CN22: 1 | CO22: 0 | CP22: 0 | CQ22: 0 | CR22: 0 | CS22: 0 | CT22: 0 | CU22: 1 | CV22: 0 | CW22: 1 | CX22: 0 | CY22: 0 | CZ22: 0 | DA22: 0 | DB22: 0 | DC22: 0 | DD22: 0 | DE22: 0 | DF22: 1 | DG22: 0 | DH22: 0 | DI22: 1 | DJ22: 0 | DK22: 0 | DL22: 0 | DM22: 1 | DN22: 0 | DO22: 0 | DP22: 1 | DQ22: 1 | DR22: 0 | DS22: 0 | DT22: 0 | DU22: 0 | DV22: 1 | DW22: 0 | DX22: 0 | DY22: 0 | DZ22: 0 | EA22: 0 | EB22: 0 | EC22: C | ED22: B | EE22: D | EF22: B | EG22: C | EH22: B | EI22: C | EJ22: D | EK22: B | EL22: B | EM22: C | EN22: C | EO22: A | EP22: C | EQ22: B | ER22: B | ES22: D | ET22: D | EU22: D | EV22: A | EW22: B | EX22: B | EY22: C | EZ22: B | FA22: B | FB22: A | FC22: D | FD22: B | FE22: C | FF22: B | FG22: A | FH22: C | FI22: D | FJ22: D | FK22: C | FL22: B | FM22: B | FN22: A | FO22: C | FP22: D | FQ22: D | FR22: C | FS22: A | FT22: B | FU22: C | FV22: D | FW22: A | FX22: B | FY22: C | FZ22: B | GA22: B | GB22: D | GC22: C | GD22: C | GE22: B | GF22: B | GG22: D | GH22: C | GI22: B | GJ22: A | GK22: B | GL22: B | GM22: C | GN22: D | GO22: B | GP22: D | GQ22: C | GR22: C | GS22: A | GT22: A | GU22: A | GV22: C | GW22: D | GX22: C | GY22: A | GZ22: A | HA22: B | HB22: D | HC22: D | HD22: A | HE22: C | HF22: B | HG22: B | HH22: C | HI22: D | HJ22: A | HK22: B | HL22: C | HM22: D | HN22: D | HO22: A | HP22: C | HQ22: D | HR22: D | HS22: B | HT22: A | HU22: D | HV22: A | HW22: B | HX22: A | HY22: C | HZ22: D | IA22: A | IB22: A | IC22: B | ID22: B | IE22: C | IF22: B | IG22: C | IH22: C | II22: B | IJ22: B | IK22: D | IL22: B | IM22: A | IN22: A | IO22: D | IP22: A | IQ22: C | IR22: A
A23: cerro tofeme monteria 1sesion [4053] | D23: RAMOS RAMOS SEBASTIAN ANDRES | E23: 5812 | G23: 29.0 | H23: 120.0 | I23: 24.2 | J23: mar. 14 2026 09:31 a.Â m. | K23: mar. 14 2026 09:34 a.Â m. | M23: 0 | N23: 0 | O23: 0 | P23: 0 | Q23: 0 | R23: 0 | S23: 0 | T23: 1 | U23: 1 | V23: 0 | W23: 0 | X23: 1 | Y23: 0 | Z23: 0 | AA23: 0 | AB23: 0 | AC23: 0 | AD23: 1 | AE23: 0 | AF23: 1 | AG23: 1 | AH23: 0 | AI23: 0 | AJ23: 0 | AK23: 0 | AL23: 0 | AM23: 0 | AN23: 0 | AO23: 0 | AP23: 0 | AQ23: 0 | AR23: 0 | AS23: 0 | AT23: 0 | AU23: 1 | AV23: 0 | AW23: 1 | AX23: 0 | AY23: 0 | AZ23: 0 | BA23: 0 | BB23: 0 | BC23: 0 | BD23: 0 | BE23: 0 | BF23: 0 | BG23: 0 | BH23: 1 | BI23: 0 | BJ23: 0 | BK23: 0 | BL23: 0 | BM23: 1 | BN23: 0 | BO23: 0 | BP23: 0 | BQ23: 0 | BR23: 0 | BS23: 1 | BT23: 0 | BU23: 0 | BV23: 0 | BW23: 0 | BX23: 0 | BY23: 0 | BZ23: 1 | CA23: 0 | CB23: 1 | CC23: 0 | CD23: 1 | CE23: 1 | CF23: 1 | CG23: 0 | CH23: 1 | CI23: 0 | CJ23: 0 | CK23: 0 | CL23: 0 | CM23: 0 | CN23: 0 | CO23: 0 | CP23: 0 | CQ23: 1 | CR23: 0 | CS23: 0 | CT23: 0 | CU23: 0 | CV23: 0 | CW23: 0 | CX23: 0 | CY23: 1 | CZ23: 0 | DA23: 0 | DB23: 1 | DC23: 0 | DD23: 0 | DE23: 0 | DF23: 1 | DG23: 1 | DH23: 0 | DI23: 0 | DJ23: 0 | DK23: 1 | DL23: 0 | DM23: 0 | DN23: 1 | DO23: 0 | DP23: 1 | DQ23: 1 | DR23: 0 | DS23: 0 | DT23: 1 | DU23: 0 | DV23: 1 | DW23: 0 | DX23: 0 | DY23: 0 | DZ23: 0 | EA23: 0 | EB23: 1 | EC23: A | ED23: C | EE23: D | EF23: C | EG23: D | EH23: A | EI23: C | EJ23: C | EK23: B | EL23: A | EM23: A | EN23: C | EO23: A | EP23: D | EQ23: A | ER23: D | ES23: A | ET23: C | EU23: C | EV23: D | EW23: B | EX23: B | EY23: A | EZ23: D | FA23: D | FB23: B | FC23: C | FD23: A | FE23: D | FF23: A | FG23: B | FH23: A | FI23: A | FJ23: C | FK23: A | FL23: C | FM23: A | FN23: C | FO23: B | FP23: D | FQ23: B | FR23: B | FS23: C | FT23: D | FU23: C | FV23: A | FW23: C | FX23: B | FY23: A | FZ23: B | GA23: A | GB23: B | GC23: D | GD23: A | GE23: D | GF23: C | GG23: C | GH23: D | GI23: A | GJ23: A | GK23: B | GL23: C | GM23: A | GN23: B | GO23: B | GP23: C | GQ23: D | GR23: A | GS23: B | GT23: C | GU23: D | GV23: A | GW23: B | GX23: B | GY23: D | GZ23: B | HA23: C | HB23: C | HC23: A | HD23: B | HE23: B | HF23: B | HG23: C | HH23: D | HI23: C | HJ23: A | HK23: A | HL23: D | HM23: C | HN23: B | HO23: B | HP23: C | HQ23: B | HR23: A | HS23: B | HT23: C | HU23: C | HV23: A | HW23: A | HX23: D | HY23: D | HZ23: A | IA23: C | IB23: C | IC23: A | ID23: A | IE23: C | IF23: B | IG23: C | IH23: B | II23: A | IJ23: A | IK23: C | IL23: B | IM23: D | IN23: C | IO23: D | IP23: A | IQ23: B | IR23: C
A24: cerro tofeme monteria 1sesion [4053] | D24: ALVAREZ MARQUEZ FRANK LUIS | E24: 6201 | G24: 52.0 | H24: 120.0 | I24: 43.3 | J24: mar. 14 2026 09:32 a.Â m. | K24: mar. 14 2026 09:34 a.Â m. | M24: 1 | N24: 0 | O24: 0 | P24: 0 | Q24: 0 | R24: 1 | S24: 0 | T24: 1 | U24: 0 | V24: 0 | W24: 0 | X24: 0 | Y24: 0 | Z24: 0 | AA24: 1 | AB24: 1 | AC24: 0 | AD24: 0 | AE24: 1 | AF24: 1 | AG24: 1 | AH24: 0 | AI24: 0 | AJ24: 0 | AK24: 0 | AL24: 1 | AM24: 1 | AN24: 1 | AO24: 0 | AP24: 1 | AQ24: 0 | AR24: 0 | AS24: 1 | AT24: 0 | AU24: 1 | AV24: 1 | AW24: 0 | AX24: 0 | AY24: 1 | AZ24: 1 | BA24: 1 | BB24: 1 | BC24: 1 | BD24: 0 | BE24: 0 | BF24: 0 | BG24: 1 | BH24: 1 | BI24: 1 | BJ24: 1 | BK24: 0 | BL24: 1 | BM24: 0 | BN24: 1 | BO24: 1 | BP24: 1 | BQ24: 0 | BR24: 1 | BS24: 1 | BT24: 0 | BU24: 0 | BV24: 0 | BW24: 0 | BX24: 0 | BY24: 0 | BZ24: 1 | CA24: 1 | CB24: 0 | CC24: 0 | CD24: 0 | CE24: 1 | CF24: 0 | CG24: 0 | CH24: 1 | CI24: 0 | CJ24: 0 | CK24: 1 | CL24: 1 | CM24: 0 | CN24: 0 | CO24: 0 | CP24: 0 | CQ24: 0 | CR24: 1 | CS24: 1 | CT24: 0 | CU24: 1 | CV24: 1 | CW24: 0 | CX24: 1 | CY24: 1 | CZ24: 1 | DA24: 1 | DB24: 1 | DC24: 0 | DD24: 0 | DE24: 0 | DF24: 0 | DG24: 0 | DH24: 0 | DI24: 0 | DJ24: 0 | DK24: 0 | DL24: 0 | DM24: 1 | DN24: 0 | DO24: 1 | DP24: 1 | DQ24: 1 | DR24: 0 | DS24: 0 | DT24: 0 | DU24: 1 | DV24: 0 | DW24: 1 | DX24: 0 | DY24: 0 | DZ24: 1 | EA24: 0 | EB24: 0 | EC24: C | ED24: C | EE24: D | EF24: A | EG24: D | EH24: B | EI24: A | EJ24: C | EK24: A | EL24: A | EM24: D | EN24: D | EO24: A | EP24: C | EQ24: B | ER24: C | ES24: A | ET24: D | EU24: D | EV24: D | EW24: B | EX24: B | EY24: B | EZ24: B | FA24: D | FB24: A | FC24: B | FD24: C | FE24: D | FF24: C | FG24: A | FH24: A | FI24: C | FJ24: A | FK24: A | FL24: D | FM24: B | FN24: A | FO24: C | FP24: C | FQ24: D | FR24: D | FS24: D | FT24: A | FU24: C | FV24: A | FW24: D | FX24: B | FY24: D | FZ24: C | GA24: A | GB24: C | GC24: A | GD24: B | GE24: C | GF24: B | GG24: A | GH24: A | GI24: A | GJ24: A | GK24: A | GL24: C | GM24: C | GN24: B | GO24: B | GP24: C | GQ24: B | GR24: C | GS24: D | GT24: A | GU24: D | GV24: C | GW24: A | GX24: B | GY24: A | GZ24: A | HA24: A | HB24: D | HC24: B | HD24: D | HE24: B | HF24: D | HG24: A | HH24: B | HI24: B | HJ24: A | HK24: B | HL24: B | HM24: C | HN24: A | HO24: B | HP24: B | HQ24: C | HR24: A | HS24: B | HT24: B | HU24: C | HV24: B | HW24: C | HX24: C | HY24: A | HZ24: C | IA24: B | IB24: C | IC24: B | ID24: D | IE24: A | IF24: B | IG24: C | IH24: B | II24: B | IJ24: B | IK24: B | IL24: C | IM24: C | IN24: A | IO24: A | IP24: C | IQ24: C | IR24: D
A25: cerro tofeme monteria 1sesion [4053] | D25: BRAVO OVALLES KAMILA ANDREA | E25: 6203 | G25: 43.0 | H25: 120.0 | I25: 35.8 | J25: mar. 14 2026 09:32 a.Â m. | K25: mar. 14 2026 09:34 a.Â m. | M25: 1 | N25: 0 | O25: 1 | P25: 1 | Q25: 0 | R25: 0 | S25: 0 | T25: 0 | U25: 0 | V25: 0 | W25: 0 | X25: 0 | Y25: 1 | Z25: 0 | AA25: 0 | AB25: 0 | AC25: 0 | AD25: 0 | AE25: 1 | AF25: 0 | AG25: 1 | AH25: 0 | AI25: 0 | AJ25: 0 | AK25: 0 | AL25: 1 | AM25: 0 | AN25: 0 | AO25: 0 | AP25: 1 | AQ25: 0 | AR25: 1 | AS25: 0 | AT25: 0 | AU25: 1 | AV25: 1 | AW25: 0 | AX25: 0 | AY25: 0 | AZ25: 1 | BA25: 0 | BB25: 1 | BC25: 0 | BD25: 1 | BE25: 0 | BF25: 0 | BG25: 0 | BH25: 1 | BI25: 1 | BJ25: 0 | BK25: 1 | BL25: 1 | BM25: 0 | BN25: 1 | BO25: 0 | BP25: 1 | BQ25: 0 | BR25: 0 | BS25: 0 | BT25: 0 | BU25: 0 | BV25: 0 | BW25: 0 | BX25: 1 | BY25: 0 | BZ25: 0 | CA25: 0 | CB25: 0 | CC25: 1 | CD25: 0 | CE25: 0 | CF25: 1 | CG25: 0 | CH25: 1 | CI25: 1 | CJ25: 0 | CK25: 1 | CL25: 0 | CM25: 0 | CN25: 1 | CO25: 1 | CP25: 0 | CQ25: 0 | CR25: 0 | CS25: 1 | CT25: 0 | CU25: 0 | CV25: 0 | CW25: 1 | CX25: 1 | CY25: 0 | CZ25: 0 | DA25: 0 | DB25: 1 | DC25: 0 | DD25: 0 | DE25: 0 | DF25: 0 | DG25: 1 | DH25: 0 | DI25: 1 | DJ25: 0 | DK25: 0 | DL25: 0 | DM25: 1 | DN25: 0 | DO25: 0 | DP25: 1 | DQ25: 1 | DR25: 0 | DS25: 1 | DT25: 1 | DU25: 0 | DV25: 1 | DW25: 0 | DX25: 0 | DY25: 1 | DZ25: 0 | EA25: 1 | EB25: 1 | EC25: C | ED25: A | EE25: B | EF25: B | EG25: D | EH25: A | EI25: A | EJ25: B | EK25: A | EL25: A | EM25: A | EN25: D | EO25: D | EP25: C | EQ25: D | ER25: A | ES25: A | ET25: D | EU25: D | EV25: A | EW25: B | EX25: D | EY25: A | EZ25: A | FA25: A | FB25: A | FC25: D | FD25: A | FE25: A | FF25: C | FG25: A | FH25: D | FI25: B | FJ25: A | FK25: A | FL25: D | FM25: B | FN25: C | FO25: B | FP25: C | FQ25: A | FR25: D | FS25: C | FT25: B | FU25: C | FV25: A | FW25: A | FX25: B | FY25: D | FZ25: B | GA25: B | GB25: C | GC25: A | GD25: B | GE25: D | GF25: B | GG25: A | GH25: D | GI25: D | GJ25: A | GK25: A | GL25: C | GM25: D | GN25: C | GO25: A | GP25: B | GQ25: A | GR25: B | GS25: A | GT25: A | GU25: C | GV25: A | GW25: A | GX25: B | GY25: B | GZ25: A | HA25: A | HB25: B | HC25: A | HD25: A | HE25: A | HF25: A | HG25: B | HH25: A | HI25: B | HJ25: A | HK25: A | HL25: A | HM25: D | HN25: A | HO25: A | HP25: A | HQ25: A | HR25: A | HS25: A | HT25: B | HU25: C | HV25: C | HW25: A | HX25: A | HY25: C | HZ25: A | IA25: A | IB25: A | IC25: B | ID25: D | IE25: C | IF25: B | IG25: C | IH25: C | II25: C | IJ25: A | IK25: A | IL25: B | IM25: A | IN25: A | IO25: C | IP25: D | IQ25: D | IR25: C
A26: cerro tofeme monteria 1sesion [4053] | D26: FLOREZ PEREIRA SARAY | E26: 6204 | G26: 49.0 | H26: 120.0 | I26: 40.8 | J26: mar. 14 2026 09:32 a.Â m. | K26: mar. 14 2026 09:34 a.Â m. | M26: 1 | N26: 0 | O26: 1 | P26: 1 | Q26: 0 | R26: 1 | S26: 0 | T26: 1 | U26: 1 | V26: 0 | W26: 0 | X26: 0 | Y26: 0 | Z26: 0 | AA26: 0 | AB26: 1 | AC26: 0 | AD26: 1 | AE26: 1 | AF26: 0 | AG26: 1 | AH26: 1 | AI26: 0 | AJ26: 1 | AK26: 0 | AL26: 1 | AM26: 0 | AN26: 0 | AO26: 1 | AP26: 0 | AQ26: 1 | AR26: 0 | AS26: 1 | AT26: 0 | AU26: 1 | AV26: 1 | AW26: 1 | AX26: 0 | AY26: 1 | AZ26: 1 | BA26: 1 | BB26: 0 | BC26: 0 | BD26: 0 | BE26: 0 | BF26: 0 | BG26: 0 | BH26: 1 | BI26: 0 | BJ26: 0 | BK26: 0 | BL26: 1 | BM26: 1 | BN26: 0 | BO26: 1 | BP26: 0 | BQ26: 0 | BR26: 0 | BS26: 1 | BT26: 1 | BU26: 0 | BV26: 0 | BW26: 0 | BX26: 0 | BY26: 0 | BZ26: 0 | CA26: 1 | CB26: 0 | CC26: 1 | CD26: 0 | CE26: 0 | CF26: 0 | CG26: 1 | CH26: 1 | CI26: 0 | CJ26: 1 | CK26: 1 | CL26: 0 | CM26: 0 | CN26: 1 | CO26: 1 | CP26: 0 | CQ26: 1 | CR26: 0 | CS26: 0 | CT26: 1 | CU26: 0 | CV26: 1 | CW26: 0 | CX26: 0 | CY26: 0 | CZ26: 1 | DA26: 0 | DB26: 0 | DC26: 0 | DD26: 0 | DE26: 0 | DF26: 1 | DG26: 0 | DH26: 1 | DI26: 1 | DJ26: 0 | DK26: 0 | DL26: 0 | DM26: 0 | DN26: 0 | DO26: 0 | DP26: 0 | DQ26: 0 | DR26: 0 | DS26: 0 | DT26: 1 | DU26: 1 | DV26: 0 | DW26: 0 | DX26: 1 | DY26: 1 | DZ26: 1 | EA26: 0 | EB26: 1 | EC26: C | ED26: C | EE26: B | EF26: B | EG26: D | EH26: B | EI26: A | EJ26: C | EK26: B | EL26: B | EM26: B | EN26: D | EO26: B | EP26: D | EQ26: A | ER26: C | ES26: A | ET26: C | EU26: D | EV26: A | EW26: B | EX26: C | EY26: B | EZ26: C | FA26: D | FB26: A | FC26: D | FD26: A | FE26: C | FF26: A | FG26: C | FH26: A | FI26: C | FJ26: C | FK26: A | FL26: D | FM26: A | FN26: A | FO26: C | FP26: C | FQ26: D | FR26: C | FS26: C | FT26: C | FU26: B | FV26: A | FW26: A | FX26: B | FY26: A | FZ26: A | GA26: D | GB26: C | GC26: D | GD26: D | GE26: C | GF26: A | GG26: A | GH26: D | GI26: A | GJ26: D | GK26: C | GL26: A | GM26: C | GN26: B | GO26: A | GP26: D | GQ26: B | GR26: C | GS26: A | GT26: A | GU26: C | GV26: C | GW26: C | GX26: B | GY26: D | GZ26: C | HA26: A | HB26: B | HC26: B | HD26: A | HE26: A | HF26: A | HG26: C | HH26: C | HI26: A | HJ26: C | HK26: D | HL26: B | HM26: C | HN26: D | HO26: A | HP26: B | HQ26: A | HR26: C | HS26: A | HT26: A | HU26: C | HV26: A | HW26: D | HX26: B | HY26: C | HZ26: D | IA26: A | IB26: C | IC26: C | ID26: D | IE26: B | IF26: D | IG26: A | IH26: C | II26: A | IJ26: A | IK26: B | IL26: C | IM26: D | IN26: B | IO26: C | IP26: C | IQ26: C | IR26: C
A27: cerro tofeme monteria 1sesion [4053] | D27: MARQUEZ BARRAGAN DAIVER JOSE | E27: 6207 | G27: 41.0 | H27: 120.0 | I27: 34.2 | J27: mar. 14 2026 09:32 a.Â m. | K27: mar. 14 2026 09:34 a.Â m. | M27: 1 | N27: 0 | O27: 1 | P27: 0 | Q27: 0 | R27: 0 | S27: 0 | T27: 0 | U27: 1 | V27: 1 | W27: 1 | X27: 0 | Y27: 0 | Z27: 0 | AA27: 0 | AB27: 1 | AC27: 0 | AD27: 0 | AE27: 1 | AF27: 0 | AG27: 0 | AH27: 1 | AI27: 0 | AJ27: 1 | AK27: 0 | AL27: 0 | AM27: 0 | AN27: 0 | AO27: 0 | AP27: 1 | AQ27: 1 | AR27: 0 | AS27: 0 | AT27: 0 | AU27: 1 | AV27: 1 | AW27: 1 | AX27: 0 | AY27: 1 | AZ27: 0 | BA27: 0 | BB27: 1 | BC27: 1 | BD27: 0 | BE27: 0 | BF27: 0 | BG27: 0 | BH27: 0 | BI27: 0 | BJ27: 0 | BK27: 1 | BL27: 1 | BM27: 1 | BN27: 0 | BO27: 0 | BP27: 1 | BQ27: 1 | BR27: 1 | BS27: 0 | BT27: 0 | BU27: 1 | BV27: 0 | BW27: 0 | BX27: 1 | BY27: 0 | BZ27: 1 | CA27: 0 | CB27: 1 | CC27: 1 | CD27: 1 | CE27: 0 | CF27: 0 | CG27: 0 | CH27: 0 | CI27: 0 | CJ27: 0 | CK27: 0 | CL27: 0 | CM27: 0 | CN27: 1 | CO27: 0 | CP27: 0 | CQ27: 0 | CR27: 1 | CS27: 0 | CT27: 0 | CU27: 0 | CV27: 0 | CW27: 0 | CX27: 0 | CY27: 0 | CZ27: 0 | DA27: 1 | DB27: 0 | DC27: 1 | DD27: 0 | DE27: 0 | DF27: 0 | DG27: 0 | DH27: 0 | DI27: 1 | DJ27: 0 | DK27: 0 | DL27: 0 | DM27: 0 | DN27: 0 | DO27: 1 | DP27: 1 | DQ27: 0 | DR27: 1 | DS27: 0 | DT27: 0 | DU27: 0 | DV27: 1 | DW27: 1 | DX27: 1 | DY27: 0 | DZ27: 0 | EA27: 0 | EB27: 1 | EC27: C | ED27: A | EE27: B | EF27: D | EG27: D | EH27: A | EI27: C | EJ27: D | EK27: B | EL27: C | EM27: C | EN27: D | EO27: A | EP27: D | EQ27: D | ER27: C | ES27: A | ET27: B | EU27: D | EV27: A | EW27: D | EX27: C | EY27: A | EZ27: C | FA27: B | FB27: C | FC27: A | FD27: A | FE27: A | FF27: C | FG27: C | FH27: A | FI27: D | FJ27: A | FK27: A | FL27: D | FM27: A | FN27: B | FO27: C | FP27: D | FQ27: A | FR27: D | FS27: D | FT27: A | FU27: B | FV27: D | FW27: C | FX27: D | FY27: A | FZ27: A | GA27: B | GB27: C | GC27: D | GD27: D | GE27: A | GF27: B | GG27: B | GH27: A | GI27: C | GJ27: B | GK27: D | GL27: C | GM27: A | GN27: C | GO27: A | GP27: C | GQ27: C | GR27: A | GS27: A | GT27: C | GU27: C | GV27: B | GW27: A | GX27: C | GY27: A | GZ27: B | HA27: D | HB27: B | HC27: C | HD27: A | HE27: C | HF27: A | HG27: D | HH27: B | HI27: C | HJ27: B | HK27: C | HL27: A | HM27: B | HN27: C | HO27: C | HP27: D | HQ27: C | HR27: D | HS27: C | HT27: C | HU27: A | HV27: D | HW27: B | HX27: A | HY27: C | HZ27: A | IA27: BD | IB27: C | IC27: C | ID27: B | IE27: A | IF27: B | IG27: D | IH27: A | II27: B | IJ27: B | IK27: D | IL27: B | IM27: C | IN27: B | IO27: A | IP27: B | IR27: C
A28: cerro tofeme monteria 1sesion [4053] | D28: MARQUEZ CERMEÑO ELY JOHANA | E28: 6208 | G28: 37.0 | H28: 120.0 | I28: 30.8 | J28: mar. 14 2026 09:33 a.Â m. | K28: mar. 14 2026 09:34 a.Â m. | M28: 0 | N28: 0 | O28: 0 | P28: 0 | Q28: 0 | R28: 0 | S28: 0 | T28: 0 | U28: 1 | V28: 1 | W28: 0 | X28: 1 | Y28: 0 | Z28: 0 | AA28: 1 | AB28: 0 | AC28: 0 | AD28: 1 | AE28: 0 | AF28: 0 | AG28: 1 | AH28: 1 | AI28: 0 | AJ28: 0 | AK28: 0 | AL28: 0 | AM28: 0 | AN28: 0 | AO28: 0 | AP28: 1 | AQ28: 0 | AR28: 0 | AS28: 1 | AT28: 0 | AU28: 1 | AV28: 1 | AW28: 0 | AX28: 1 | AY28: 0 | AZ28: 1 | BA28: 0 | BB28: 0 | BC28: 0 | BD28: 0 | BE28: 0 | BF28: 0 | BG28: 0 | BH28: 1 | BI28: 0 | BJ28: 1 | BK28: 0 | BL28: 0 | BM28: 0 | BN28: 0 | BO28: 0 | BP28: 0 | BQ28: 0 | BR28: 0 | BS28: 0 | BT28: 0 | BU28: 0 | BV28: 0 | BW28: 0 | BX28: 1 | BY28: 0 | BZ28: 0 | CA28: 1 | CB28: 0 | CC28: 1 | CD28: 0 | CE28: 1 | CF28: 0 | CG28: 0 | CH28: 1 | CI28: 0 | CJ28: 0 | CK28: 0 | CL28: 1 | CM28: 1 | CN28: 1 | CO28: 0 | CP28: 0 | CQ28: 0 | CR28: 0 | CS28: 1 | CT28: 1 | CU28: 1 | CV28: 0 | CW28: 1 | CX28: 0 | CY28: 0 | CZ28: 1 | DA28: 1 | DB28: 0 | DC28: 0 | DD28: 0 | DE28: 1 | DF28: 1 | DG28: 0 | DH28: 0 | DI28: 0 | DJ28: 0 | DK28: 0 | DL28: 0 | DM28: 1 | DN28: 0 | DO28: 1 | DP28: 0 | DQ28: 0 | DR28: 0 | DS28: 1 | DT28: 1 | DU28: 0 | DV28: 1 | DW28: 0 | DX28: 1 | DY28: 0 | DZ28: 0 | EA28: 0 | EB28: 0 | EC28: B | ED28: A | EE28: C | EF28: A | EG28: B | EH28: A | EI28: C | EJ28: D | EK28: B | EL28: C | EM28: D | EN28: C | EO28: A | EP28: C | EQ28: B | ER28: D | ES28: C | ET28: C | EU28: A | EV28: A | EW28: B | EX28: C | EY28: B | EZ28: B | FA28: A | FB28: C | FC28: D | FD28: A | FE28: A | FF28: C | FG28: D | FH28: B | FI28: C | FJ28: A | FK28: A | FL28: D | FM28: B | FN28: D | FO28: A | FP28: C | FQ28: A | FR28: C | FS28: C | FT28: C | FU28: B | FV28: D | FW28: A | FX28: B | FY28: A | FZ28: C | GA28: D | GB28: B | GC28: C | GD28: D | GE28: B | GF28: D | GG28: A | GH28: D | GI28: C | GJ28: A | GK28: A | GL28: B | GM28: D | GN28: C | GO28: C | GP28: B | GQ28: B | GR28: D | GS28: A | GT28: A | GU28: D | GV28: C | GW28: B | GX28: B | GY28: A | GZ28: A | HA28: B | HB28: D | HC28: D | HD28: A | HE28: B | HF28: A | HG28: D | HH28: C | HI28: B | HJ28: C | HK28: B | HL28: C | HM28: D | HN28: B | HO28: D | HP28: B | HQ28: C | HR28: C | HS28: A | HT28: A | HU28: B | HV28: A | HW28: C | HX28: C | HY28: A | HZ28: D | IA28: D | IB28: A | IC28: B | ID28: C | IE28: A | IF28: C | IG28: B | IH28: C | II28: C | IJ28: A | IK28: D | IL28: B | IM28: A | IN28: B | IO28: A | IP28: A | IQ28: C | IR28: B
A29: cerro tofeme monteria 1sesion [4053] | D29: RUIZ OLIVARES MARISOL | E29: 6211 | G29: 59.0 | H29: 120.0 | I29: 49.2 | J29: mar. 14 2026 09:33 a.Â m. | K29: mar. 14 2026 09:34 a.Â m. | M29: 1 | N29: 1 | O29: 0 | P29: 1 | Q29: 0 | R29: 0 | S29: 0 | T29: 1 | U29: 1 | V29: 1 | W29: 0 | X29: 0 | Y29: 1 | Z29: 0 | AA29: 0 | AB29: 0 | AC29: 0 | AD29: 0 | AE29: 0 | AF29: 1 | AG29: 1 | AH29: 1 | AI29: 0 | AJ29: 0 | AK29: 1 | AL29: 1 | AM29: 1 | AN29: 0 | AO29: 1 | AP29: 1 | AQ29: 1 | AR29: 1 | AS29: 1 | AT29: 0 | AU29: 1 | AV29: 1 | AW29: 1 | AX29: 0 | AY29: 1 | AZ29: 1 | BA29: 1 | BB29: 1 | BC29: 0 | BD29: 1 | BE29: 1 | BF29: 0 | BG29: 0 | BH29: 1 | BI29: 1 | BJ29: 1 | BK29: 0 | BL29: 1 | BM29: 1 | BN29: 0 | BO29: 1 | BP29: 0 | BQ29: 0 | BR29: 1 | BS29: 1 | BT29: 0 | BU29: 0 | BV29: 0 | BW29: 0 | BX29: 0 | BY29: 0 | BZ29: 1 | CA29: 0 | CB29: 0 | CC29: 1 | CD29: 0 | CE29: 0 | CF29: 0 | CG29: 0 | CH29: 0 | CI29: 0 | CJ29: 0 | CK29: 1 | CL29: 0 | CM29: 1 | CN29: 0 | CO29: 0 | CP29: 0 | CQ29: 1 | CR29: 1 | CS29: 0 | CT29: 1 | CU29: 0 | CV29: 1 | CW29: 1 | CX29: 1 | CY29: 1 | CZ29: 0 | DA29: 0 | DB29: 0 | DC29: 1 | DD29: 1 | DE29: 0 | DF29: 0 | DG29: 0 | DH29: 1 | DI29: 1 | DJ29: 0 | DK29: 0 | DL29: 0 | DM29: 0 | DN29: 1 | DO29: 0 | DP29: 1 | DQ29: 0 | DR29: 0 | DS29: 1 | DT29: 1 | DU29: 0 | DV29: 1 | DW29: 0 | DX29: 0 | DY29: 1 | DZ29: 1 | EA29: 1 | EB29: 1 | EC29: C | ED29: B | EE29: D | EF29: B | EG29: D | EH29: A | EI29: A | EJ29: C | EK29: B | EL29: C | EM29: D | EN29: D | EO29: D | EP29: C | EQ29: D | ER29: D | ES29: A | ET29: D | EU29: B | EV29: D | EW29: B | EX29: C | EY29: A | EZ29: D | FA29: C | FB29: A | FC29: B | FD29: A | FE29: C | FF29: C | FG29: C | FH29: D | FI29: C | FJ29: B | FK29: A | FL29: D | FM29: A | FN29: C | FO29: C | FP29: C | FQ29: D | FR29: D | FS29: C | FT29: B | FU29: D | FV29: A | FW29: B | FX29: B | FY29: D | FZ29: C | GA29: A | GB29: C | GC29: D | GD29: C | GE29: C | GF29: D | GG29: D | GH29: A | GI29: A | GJ29: A | GK29: B | GL29: A | GM29: A | GN29: B | GO29: C | GP29: C | GQ29: D | GR29: B | GS29: A | GT29: A | GU29: C | GV29: C | GW29: B | GX29: C | GY29: D | GZ29: A | HA29: A | HB29: A | HC29: D | HD29: D | HE29: C | HF29: D | HG29: C | HH29: B | HI29: C | HJ29: C | HK29: D | HL29: B | HM29: D | HN29: A | HO29: B | HP29: D | HQ29: B | HR29: C | HS29: C | HT29: D | HU29: C | HV29: B | HW29: B | HX29: B | HY29: C | HZ29: A | IA29: A | IB29: A | IC29: D | ID29: A | IE29: C | IF29: B | IG29: B | IH29: C | II29: C | IJ29: A | IK29: D | IL29: B | IM29: D | IN29: C | IO29: C | IP29: C | IQ29: D | IR29: C
A30: cerro tofeme monteria 1sesion [4053] | D30: SOTO MARTINEZ YURANIS PAOLA | E30: 6212 | G30: 42.0 | H30: 120.0 | I30: 35.0 | J30: mar. 14 2026 09:33 a.Â m. | K30: mar. 14 2026 09:34 a.Â m. | M30: 1 | N30: 1 | O30: 0 | P30: 1 | Q30: 0 | R30: 0 | S30: 0 | T30: 0 | U30: 0 | V30: 0 | W30: 0 | X30: 0 | Y30: 0 | Z30: 0 | AA30: 1 | AB30: 1 | AC30: 0 | AD30: 0 | AE30: 1 | AF30: 1 | AG30: 1 | AH30: 1 | AI30: 0 | AJ30: 0 | AK30: 0 | AL30: 1 | AM30: 0 | AN30: 1 | AO30: 1 | AP30: 0 | AQ30: 1 | AR30: 1 | AS30: 0 | AT30: 1 | AU30: 0 | AV30: 0 | AW30: 0 | AX30: 1 | AY30: 1 | AZ30: 0 | BA30: 0 | BB30: 0 | BC30: 0 | BD30: 0 | BE30: 0 | BF30: 0 | BG30: 1 | BH30: 0 | BI30: 1 | BJ30: 1 | BK30: 1 | BL30: 0 | BM30: 0 | BN30: 0 | BO30: 1 | BP30: 0 | BQ30: 0 | BR30: 0 | BS30: 1 | BT30: 0 | BU30: 0 | BV30: 1 | BW30: 1 | BX30: 0 | BY30: 1 | BZ30: 1 | CA30: 0 | CB30: 0 | CC30: 1 | CD30: 1 | CE30: 0 | CF30: 0 | CG30: 0 | CH30: 0 | CI30: 0 | CJ30: 0 | CK30: 0 | CL30: 1 | CM30: 0 | CN30: 1 | CO30: 1 | CP30: 1 | CQ30: 0 | CR30: 0 | CS30: 0 | CT30: 0 | CU30: 0 | CV30: 1 | CW30: 0 | CX30: 0 | CY30: 0 | CZ30: 0 | DA30: 0 | DB30: 0 | DC30: 0 | DD30: 0 | DE30: 1 | DF30: 1 | DG30: 0 | DH30: 0 | DI30: 0 | DJ30: 0 | DK30: 1 | DL30: 1 | DM30: 1 | DN30: 0 | DO30: 0 | DP30: 0 | DQ30: 0 | DR30: 0 | DS30: 0 | DT30: 0 | DU30: 0 | DV30: 0 | DW30: 0 | DX30: 1 | DY30: 1 | DZ30: 1 | EA30: 0 | EB30: 0 | EC30: C | ED30: B | EE30: D | EF30: B | EG30: D | EH30: D | EI30: C | EJ30: D | EK30: D | EL30: A | EM30: B | EN30: D | EO30: A | EP30: C | EQ30: B | ER30: C | ES30: C | ET30: D | EU30: D | EV30: D | EW30: B | EX30: C | EY30: A | EZ30: D | FA30: A | FB30: A | FC30: C | FD30: C | FE30: C | FF30: B | FG30: C | FH30: D | FI30: B | FJ30: D | FK30: B | FL30: A | FM30: C | FN30: D | FO30: C | FP30: D | FQ30: A | FR30: A | FS30: B | FT30: C | FU30: B | FV30: A | FW30: D | FX30: D | FY30: D | FZ30: C | GA30: B | GB30: D | GC30: A | GD30: C | GE30: C | GF30: A | GG30: D | GH30: D | GI30: A | GJ30: A | GK30: B | GL30: D | GM30: B | GN30: A | GO30: D | GP30: C | GQ30: C | GR30: B | GS30: A | GT30: C | GU30: C | GV30: C | GW30: B | GX30: D | GY30: C | GZ30: D | HA30: B | HB30: D | HC30: B | HD30: A | HE30: A | HF30: C | HG30: A | HH30: C | HI30: C | HJ30: B | HK30: A | HL30: B | HM30: C | HN30: B | HO30: D | HP30: C | HQ30: D | HR30: D | HS30: B | HT30: C | HU30: B | HV30: A | HW30: D | HX30: D | HY30: A | HZ30: A | IA30: C | IB30: B | IC30: B | ID30: C | IE30: B | IF30: C | IG30: B | IH30: C | II30: D | IJ30: B | IK30: C | IL30: C | IM30: D | IN30: B | IO30: C | IP30: C | IQ30: B | IR30: D
A31: cerro tofeme monteria 1sesion [4053] | D31: VELASQUEZ PASCACIO ADRIANA JOSÉ | E31: 6213 | G31: 37.0 | H31: 120.0 | I31: 30.8 | J31: mar. 14 2026 09:33 a.Â m. | K31: mar. 14 2026 09:34 a.Â m. | M31: 1 | N31: 1 | O31: 0 | P31: 0 | Q31: 1 | R31: 1 | S31: 0 | T31: 1 | U31: 1 | V31: 0 | W31: 0 | X31: 0 | Y31: 0 | Z31: 0 | AA31: 0 | AB31: 1 | AC31: 0 | AD31: 0 | AE31: 0 | AF31: 0 | AG31: 0 | AH31: 0 | AI31: 0 | AJ31: 0 | AK31: 0 | AL31: 1 | AM31: 0 | AN31: 0 | AO31: 1 | AP31: 0 | AQ31: 0 | AR31: 0 | AS31: 0 | AT31: 0 | AU31: 1 | AV31: 0 | AW31: 0 | AX31: 0 | AY31: 0 | AZ31: 0 | BA31: 0 | BB31: 0 | BC31: 0 | BD31: 1 | BE31: 0 | BF31: 0 | BG31: 0 | BH31: 0 | BI31: 0 | BJ31: 0 | BK31: 0 | BL31: 0 | BM31: 0 | BN31: 0 | BO31: 0 | BP31: 1 | BQ31: 0 | BR31: 0 | BS31: 1 | BT31: 0 | BU31: 0 | BV31: 0 | BW31: 1 | BX31: 1 | BY31: 0 | BZ31: 0 | CA31: 1 | CB31: 0 | CC31: 1 | CD31: 0 | CE31: 0 | CF31: 1 | CG31: 0 | CH31: 1 | CI31: 0 | CJ31: 0 | CK31: 0 | CL31: 0 | CM31: 0 | CN31: 0 | CO31: 1 | CP31: 0 | CQ31: 1 | CR31: 1 | CS31: 0 | CT31: 0 | CU31: 0 | CV31: 1 | CW31: 0 | CX31: 0 | CY31: 0 | CZ31: 0 | DA31: 1 | DB31: 1 | DC31: 1 | DD31: 0 | DE31: 0 | DF31: 0 | DG31: 0 | DH31: 1 | DI31: 1 | DJ31: 0 | DK31: 1 | DL31: 0 | DM31: 0 | DN31: 1 | DO31: 0 | DP31: 1 | DQ31: 0 | DR31: 0 | DS31: 1 | DT31: 1 | DU31: 0 | DV31: 1 | DW31: 0 | DX31: 1 | DY31: 1 | DZ31: 0 | EA31: 0 | EB31: 1 | EC31: C | ED31: B | EE31: A | EF31: A | EG31: C | EH31: B | EI31: C | EJ31: C | EK31: B | EL31: A | EM31: B | EN31: D | EO31: A | EP31: C | EQ31: A | ER31: C | ES31: A | ET31: B | EU31: C | EV31: A | EW31: C | EX31: D | EY31: B | EZ31: B | FA31: A | FB31: A | FC31: C | FD31: B | FE31: C | FF31: A | FG31: B | FH31: C | FI31: B | FJ31: A | FK31: A | FL31: C | FM31: B | FN31: A | FO31: B | FP31: A | FQ31: C | FR31: B | FS31: A | FT31: B | FU31: C | FV31: A | FW31: C | FX31: A | FY31: A | FZ31: B | GA31: C | GB31: B | GC31: A | GD31: C | GE31: A | GF31: B | GG31: C | GH31: B | GI31: A | GJ31: B | GK31: C | GL31: A | GM31: B | GN31: C | GO31: B | GP31: A | GQ31: B | GR31: B | GS31: A | GT31: B | GU31: C | GV31: A | GW31: B | GX31: B | GY31: A | GZ31: B | HA31: C | HB31: B | HC31: A | HD31: B | HE31: A | HF31: B | HG31: C | HH31: B | HI31: A | HJ31: B | HK31: C | HL31: B | HM31: A | HN31: B | HO31: C | HP31: A | HQ31: C | HR31: A | HS31: C | HT31: B | HU31: A | HV31: B | HW31: C | HX31: B | HY31: C | HZ31: A | IA31: C | IB31: A | IC31: A | ID31: A | IE31: B | IF31: B | IG31: B | IH31: B | II31: C | IJ31: A | IK31: C | IL31: B | IM31: A | IN31: B | IO31: C | IP31: B | IQ31: B | IR31: C
D32: TOTAL | EC32: =COUNTA(M2:M31) -> 30 | ED32: =COUNTA(N2:N31) -> 30 | EE32: =COUNTA(O2:O31) -> 30 | EF32: =COUNTA(P2:P31) -> 30 | EG32: =COUNTA(Q2:Q31) -> 30 | EH32: =COUNTA(R2:R31) -> 30 | EI32: =COUNTA(S2:S31) -> 30 | EJ32: =COUNTA(T2:T31) -> 30 | ... IR32: =COUNTA(EB2:EB31) -> 30
D33: RESPUESTA A | EB33: A | EC33: =ROUND(COUNTIF(EC2:EC31,"A")*100/EC32,0) -> 7 | ED33: =ROUND(COUNTIF(ED2:ED31,"A")*100/ED32,0) -> 17 | EE33: =ROUND(COUNTIF(EE2:EE31,"A")*100/EE32,0) -> 20 | EF33: =ROUND(COUNTIF(EF2:EF31,"A")*100/EF32,0) -> 40 | EG33: =ROUND(COUNTIF(EG2:EG31,"A")*100/EG32,0) -> 10 | EH33: =ROUND(COUNTIF(EH2:EH31,"A")*100/EH32,0) -> 37 | EI33: =ROUND(COUNTIF(EI2:EI31,"A")*100/EI32,0) -> 53 | EJ33: =ROUND(COUNTIF(EJ2:EJ31,"A")*100/EJ32,0) -> 3 | ... IR33: =ROUND(COUNTIF(IR2:IR31,"A")*100/IR32,0) -> 7
D34: RESPUESTA B | EB34: B | EC34: =ROUND(COUNTIF(EC2:EC31,"B")*100/EC32,0) -> 3 | ED34: =ROUND(COUNTIF(ED2:ED31,"B")*100/ED32,0) -> 70 | EE34: =ROUND(COUNTIF(EE2:EE31,"B")*100/EE32,0) -> 33 | EF34: =ROUND(COUNTIF(EF2:EF31,"B")*100/EF32,0) -> 23 | EG34: =ROUND(COUNTIF(EG2:EG31,"B")*100/EG32,0) -> 13 | EH34: =ROUND(COUNTIF(EH2:EH31,"B")*100/EH32,0) -> 53 | EI34: =ROUND(COUNTIF(EI2:EI31,"B")*100/EI32,0) -> 3 | EJ34: =ROUND(COUNTIF(EJ2:EJ31,"B")*100/EJ32,0) -> 20 | ... IR34: =ROUND(COUNTIF(IR2:IR31,"B")*100/IR32,0) -> 17
D35: RESPUESTA C | EB35: C | EC35: =ROUND(COUNTIF(EC2:EC31,"C")*100/EC32,0) -> 83 | ED35: =ROUND(COUNTIF(ED2:ED31,"C")*100/ED32,0) -> 13 | EE35: =ROUND(COUNTIF(EE2:EE31,"C")*100/EE32,0) -> 23 | EF35: =ROUND(COUNTIF(EF2:EF31,"C")*100/EF32,0) -> 27 | EG35: =ROUND(COUNTIF(EG2:EG31,"C")*100/EG32,0) -> 20 | EH35: =ROUND(COUNTIF(EH2:EH31,"C")*100/EH32,0) -> 7 | EI35: =ROUND(COUNTIF(EI2:EI31,"C")*100/EI32,0) -> 37 | EJ35: =ROUND(COUNTIF(EJ2:EJ31,"C")*100/EJ32,0) -> 47 | ... IR35: =ROUND(COUNTIF(IR2:IR31,"C")*100/IR32,0) -> 60
D36: RESPUESTA D | EB36: D | EC36: =ROUND(COUNTIF(EC2:EC31,"D")*100/EC32,0) -> 7 | ED36: =ROUND(COUNTIF(ED2:ED31,"D")*100/ED32,0) -> 0 | EE36: =ROUND(COUNTIF(EE2:EE31,"D")*100/EE32,0) -> 23 | EF36: =ROUND(COUNTIF(EF2:EF31,"D")*100/EF32,0) -> 10 | EG36: =ROUND(COUNTIF(EG2:EG31,"D")*100/EG32,0) -> 57 | EH36: =ROUND(COUNTIF(EH2:EH31,"D")*100/EH32,0) -> 3 | EI36: =ROUND(COUNTIF(EI2:EI31,"D")*100/EI32,0) -> 7 | EJ36: =ROUND(COUNTIF(EJ2:EJ31,"D")*100/EJ32,0) -> 30 | ... IR36: =ROUND(COUNTIF(IR2:IR31,"D")*100/IR32,0) -> 17
D37: RESPUESTA E | EB37: E | EC37: =ROUND(COUNTIF(EC2:EC31,"E")*100/EC32,0) -> 0 | ED37: =ROUND(COUNTIF(ED2:ED31,"E")*100/ED32,0) -> 0 | EE37: =ROUND(COUNTIF(EE2:EE31,"E")*100/EE32,0) -> 0 | EF37: =ROUND(COUNTIF(EF2:EF31,"E")*100/EF32,0) -> 0 | EG37: =ROUND(COUNTIF(EG2:EG31,"E")*100/EG32,0) -> 0 | EH37: =ROUND(COUNTIF(EH2:EH31,"E")*100/EH32,0) -> 0 | EI37: =ROUND(COUNTIF(EI2:EI31,"E")*100/EI32,0) -> 0 | EJ37: =ROUND(COUNTIF(EJ2:EJ31,"E")*100/EJ32,0) -> 0 | ... IR37: =ROUND(COUNTIF(IR2:IR31,"E")*100/IR32,0) -> 0
D38: RESPUESTA F | EB38: F | EC38: =ROUND(COUNTIF(EC2:EC31,"*F*")*100/EC32,0) -> 0 | ED38: =ROUND(COUNTIF(ED2:ED31,"*F*")*100/ED32,0) -> 0 | EE38: =ROUND(COUNTIF(EE2:EE31,"*F*")*100/EE32,0) -> 0 | EF38: =ROUND(COUNTIF(EF2:EF31,"*F*")*100/EF32,0) -> 0 | EG38: =ROUND(COUNTIF(EG2:EG31,"*F*")*100/EG32,0) -> 0 | EH38: =ROUND(COUNTIF(EH2:EH31,"*F*")*100/EH32,0) -> 0 | EI38: =ROUND(COUNTIF(EI2:EI31,"*F*")*100/EI32,0) -> 0 | EJ38: =ROUND(COUNTIF(EJ2:EJ31,"*F*")*100/EJ32,0) -> 0 | ... IR38: =ROUND(COUNTIF(IR2:IR31,"*F*")*100/IR32,0) -> 0
D39: RESPUESTA G | EB39: G | EC39: =ROUND(COUNTIF(EC2:EC31,"G")*100/EC32,0) -> 0 | ED39: =ROUND(COUNTIF(ED2:ED31,"G")*100/ED32,0) -> 0 | EE39: =ROUND(COUNTIF(EE2:EE31,"G")*100/EE32,0) -> 0 | EF39: =ROUND(COUNTIF(EF2:EF31,"G")*100/EF32,0) -> 0 | EG39: =ROUND(COUNTIF(EG2:EG31,"G")*100/EG32,0) -> 0 | EH39: =ROUND(COUNTIF(EH2:EH31,"G")*100/EH32,0) -> 0 | EI39: =ROUND(COUNTIF(EI2:EI31,"G")*100/EI32,0) -> 0 | EJ39: =ROUND(COUNTIF(EJ2:EJ31,"G")*100/EJ32,0) -> 0 | ... IR39: =ROUND(COUNTIF(IR2:IR31,"G")*100/IR32,0) -> 0
D40: EN BLANCO | EB40: BLA | EC40: =COUNTBLANK(EC2:EC31) -> 0 | ED40: =COUNTBLANK(ED2:ED31) -> 0 | EE40: =COUNTBLANK(EE2:EE31) -> 0 | EF40: =COUNTBLANK(EF2:EF31) -> 0 | EG40: =COUNTBLANK(EG2:EG31) -> 0 | EH40: =COUNTBLANK(EH2:EH31) -> 0 | EI40: =COUNTBLANK(EI2:EI31) -> 0 | EJ40: =COUNTBLANK(EJ2:EJ31) -> 0 | ... IR40: =COUNTBLANK(IR2:IR31) -> 0
D41: MULTIMARCA | EB41: MUL | EC41: =EC32-(COUNTIF(EC2:EC31,"A")+COUNTIF(EC2:EC31,"B")+COUNTIF(EC2:EC31,"C")+COUNTIF(EC2:EC31,"D")+COUNTIF(EC2:EC31,"E")+COUNTIF(EC2:EC31,"F")+COUNTIF(EC2:EC31,"G")+EC40) -> 0 | ED41: =ED32-(COUNTIF(ED2:ED31,"A")+COUNTIF(ED2:ED31,"B")+COUNTIF(ED2:ED31,"C")+COUNTIF(ED2:ED31,"D")+COUNTIF(ED2:ED31,"E")+COUNTIF(ED2:ED31,"F")+COUNTIF(ED2:ED31,"G")+ED40) -> 0 | EE41: =EE32-(COUNTIF(EE2:EE31,"A")+COUNTIF(EE2:EE31,"B")+COUNTIF(EE2:EE31,"C")+COUNTIF(EE2:EE31,"D")+COUNTIF(EE2:EE31,"E")+COUNTIF(EE2:EE31,"F")+COUNTIF(EE2:EE31,"G")+EE40) -> 0 | EF41: =EF32-(COUNTIF(EF2:EF31,"A")+COUNTIF(EF2:EF31,"B")+COUNTIF(EF2:EF31,"C")+COUNTIF(EF2:EF31,"D")+COUNTIF(EF2:EF31,"E")+COUNTIF(EF2:EF31,"F")+COUNTIF(EF2:EF31,"G")+EF40) -> 0 | EG41: =EG32-(COUNTIF(EG2:EG31,"A")+COUNTIF(EG2:EG31,"B")+COUNTIF(EG2:EG31,"C")+COUNTIF(EG2:EG31,"D")+COUNTIF(EG2:EG31,"E")+COUNTIF(EG2:EG31,"F")+COUNTIF(EG2:EG31,"G")+EG40) -> 0 | EH41: =EH32-(COUNTIF(EH2:EH31,"A")+COUNTIF(EH2:EH31,"B")+COUNTIF(EH2:EH31,"C")+COUNTIF(EH2:EH31,"D")+COUNTIF(EH2:EH31,"E")+COUNTIF(EH2:EH31,"F")+COUNTIF(EH2:EH31,"G")+EH40) -> 0 | EI41: =EI32-(COUNTIF(EI2:EI31,"A")+COUNTIF(EI2:EI31,"B")+COUNTIF(EI2:EI31,"C")+COUNTIF(EI2:EI31,"D")+COUNTIF(EI2:EI31,"E")+COUNTIF(EI2:EI31,"F")+COUNTIF(EI2:EI31,"G")+EI40) -> 0 | EJ41: =EJ32-(COUNTIF(EJ2:EJ31,"A")+COUNTIF(EJ2:EJ31,"B")+COUNTIF(EJ2:EJ31,"C")+COUNTIF(EJ2:EJ31,"D")+COUNTIF(EJ2:EJ31,"E")+COUNTIF(EJ2:EJ31,"F")+COUNTIF(EJ2:EJ31,"G")+EJ40) -> 0 | ... IR41: =IR32-(COUNTIF(IR2:IR31,"A")+COUNTIF(IR2:IR31,"B")+COUNTIF(IR2:IR31,"C")+COUNTIF(IR2:IR31,"D")+COUNTIF(IR2:IR31,"E")+COUNTIF(IR2:IR31,"F")+COUNTIF(IR2:IR31,"G")+IR40) -> 0

Sheet in2
A1: QuizName | B1: QuizClass | C1: FirstName | D1: LastName | E1: ZipGradeID | F1: ExternalID | G1: EarnedPts | H1: PossiblePts | I1: PercentCorrect | J1: QuizCreated | K1: DataExported | L1: KeyVersion | M1: P1 | N1: P2 | O1: P3 | P1: P4 | Q1: P5 | R1: P6 | S1: P7 | T1: P8 | U1: P9 | V1: P10 | W1: P11 | X1: P12 | Y1: P13 | Z1: P14 | AA1: P15 | AB1: P16 | AC1: P17 | AD1: P18 | AE1: P19 | AF1: P20 | AG1: P21 | AH1: P22 | AI1: P23 | AJ1: P24 | AK1: P25 | AL1: P26 | AM1: P27 | AN1: P28 | AO1: P29 | AP1: P30 | AQ1: P31 | AR1: P32 | AS1: P33 | AT1: P34 | AU1: P35 | AV1: P36 | AW1: P37 | AX1: P38 | AY1: P39 | AZ1: P40 | BA1: P41 | BB1: P42 | BC1: P43 | BD1: P44 | BE1: P45 | BF1: P46 | BG1: P47 | BH1: P48 | BI1: P49 | BJ1: P50 | BK1: P54 | BL1: P60 | BM1: P62 | BN1: P63 | BO1: P79 | BP1: P51 | BQ1: P52 | BR1: P55 | BS1: P57 | BT1: P61 | BU1: P68 | BV1: P70 | BW1: P71 | BX1: P72 | BY1: P73 | BZ1: P75 | CA1: P77 | CB1: P78 | CC1: P53 | CD1: P56 | CE1: P58 | CF1: P59 | CG1: P64 | CH1: P65 | CI1: P66 | CJ1: P67 | CK1: P69 | CL1: P74 | CM1: P76 | CN1: P80 | CO1: P81 | CP1: P82 | CQ1: P83 | CR1: P84 | CS1: P85 | CT1: P86 | CU1: P87 | CV1: P88 | CW1: P89 | CX1: P90 | CY1: P91 | CZ1: P92 | DA1: P93 | DB1: P94 | DC1: P95 | DD1: P96 | DE1: P97 | DF1: P98 | DG1: P99 | DH1: P100 | DI1: P101 | DJ1: P102 | DK1: P103 | DL1: P104 | DM1: P105 | DN1: P106 | DO1: P107 | DP1: P108 | DQ1: P109 | DR1: P110 | DS1: P111 | DT1: P112 | DU1: P113 | DV1: P114 | DW1: P115 | DX1: P116 | DY1: P117 | DZ1: P118 | EA1: P119 | EB1: P120 | EC1: P121 | ED1: P122 | EE1: P123 | EF1: P124 | EG1: P125 | EH1: P126 | EI1: P127 | EJ1: P128 | EK1: P129 | EL1: P130 | EM1: P131 | EN1: P132 | EO1: P133 | EP1: P134 | EQ1: R1 | ER1: R2 | ES1: R3 | ET1: R4 | EU1: R5 | EV1: R6 | EW1: R7 | EX1: R8 | EY1: R9 | EZ1: R10 | FA1: R11 | FB1: R12 | FC1: R13 | FD1: R14 | FE1: R15 | FF1: R16 | FG1: R17 | FH1: R18 | FI1: R19 | FJ1: R20 | FK1: R21 | FL1: R22 | FM1: R23 | FN1: R24 | FO1: R25 | FP1: R26 | FQ1: R27 | FR1: R28 | FS1: R29 | FT1: R30 | FU1: R31 | FV1: R32 | FW1: R33 | FX1: R34 | FY1: R35 | FZ1: R36 | GA1: R37 | GB1: R38 | GC1: R39 | GD1: R40 | GE1: R41 | GF1: R42 | GG1: R43 | GH1: R44 | GI1: R45 | GJ1: R46 | GK1: R47 | GL1: R48 | GM1: R49 | GN1: R50 | GO1: R54 | GP1: R60 | GQ1: R62 | GR1: R63 | GS1: R79 | GT1: R51 | GU1: R52 | GV1: R55 | GW1: R57 | GX1: R61 | GY1: R68 | GZ1: R70 | HA1: R71 | HB1: R72 | HC1: R73 | HD1: R75 | HE1: R77 | HF1: R78 | HG1: R53 | HH1: R56 | HI1: R58 | HJ1: R59 | HK1: R64 | HL1: R65 | HM1: R66 | HN1: R67 | HO1: R69 | HP1: R74 | HQ1: R76 | HR1: R80 | HS1: R81 | HT1: R82 | HU1: R83 | HV1: R84 | HW1: R85 | HX1: R86 | HY1: R87 | HZ1: R88 | IA1: R89 | IB1: R90 | IC1: R91 | ID1: R92 | IE1: R93 | IF1: R94 | IG1: R95 | IH1: R96 | II1: R97 | IJ1: R98 | IK1: R99 | IL1: R100 | IM1: R101 | IN1: R102 | IO1: R103 | IP1: R104 | IQ1: R105 | IR1: R106 | IS1: R107 | IT1: R108 | IU1: R109 | IV1: R110 | IW1: R111 | IX1: R112 | IY1: R113 | IZ1: R114 | JA1: R115 | JB1: R116 | JC1: R117 | JD1: R118 | JE1: R119 | JF1: R120 | JG1: R121 | JH1: R122 | JI1: R123 | JJ1: R124 | JK1: R125 | JL1: R126 | JM1: R127 | JN1: R128 | JO1: R129 | JP1: R130 | JQ1: R131 | JR1: R132 | JS1: R133 | JT1: R134
A2: cerro tofeme monteria 2da sesiÃ³n [4077] | D2: AGRESOT SUAREZ DIEGO ALEJANDRO | E2: 5702 | G2: 87.0 | H2: 134.0 | I2: 64.9 | J2: mar. 14 2026 09:29 a.Â m. | K2: mar. 14 2026 09:35 a.Â m. | M2: 0 | N2: 1 | O2: 1 | P2: 1 | Q2: 0 | R2: 0 | S2: 0 | T2: 1 | U2: 1 | V2: 0 | W2: 1 | X2: 0 | Y2: 1 | Z2: 0 | AA2: 1 | AB2: 1 | AC2: 1 | AD2: 1 | AE2: 1 | AF2: 1 | AG2: 1 | AH2: 1 | AI2: 0 | AJ2: 0 | AK2: 1 | AL2: 0 | AM2: 1 | AN2: 1 | AO2: 1 | AP2: 1 | AQ2: 0 | AR2: 1 | AS2: 1 | AT2: 1 | AU2: 0 | AV2: 0 | AW2: 1 | AX2: 1 | AY2: 1 | AZ2: 1 | BA2: 0 | BB2: 1 | BC2: 1 | BD2: 1 | BE2: 1 | BF2: 1 | BG2: 1 | BH2: 1 | BI2: 1 | BJ2: 1 | BK2: 1 | BL2: 1 | BM2: 0 | BN2: 1 | BO2: 1 | BP2: 1 | BQ2: 1 | BR2: 1 | BS2: 1 | BT2: 1 | BU2: 1 | BV2: 1 | BW2: 1 | BX2: 1 | BY2: 1 | BZ2: 1 | CA2: 1 | CB2: 1 | CC2: 1 | CD2: 1 | CE2: 0 | CF2: 1 | CG2: 1 | CH2: 1 | CI2: 0 | CJ2: 1 | CK2: 1 | CL2: 0 | CM2: 1 | CN2: 1 | CO2: 1 | CP2: 1 | CQ2: 0 | CR2: 1 | CS2: 1 | CT2: 0 | CU2: 1 | CV2: 0 | CW2: 1 | CX2: 1 | CY2: 0 | CZ2: 0 | DA2: 0 | DB2: 1 | DC2: 1 | DD2: 0 | DE2: 1 | DF2: 0 | DG2: 0 | DH2: 1 | DI2: 0 | DJ2: 1 | DK2: 1 | DL2: 0 | DM2: 1 | DN2: 0 | DO2: 0 | DP2: 1 | DQ2: 1 | DR2: 0 | DS2: 1 | DT2: 0 | DU2: 1 | DV2: 1 | DW2: 0 | DX2: 1 | DY2: 1 | DZ2: 0 | EA2: 1 | EB2: 0 | EC2: 0 | ED2: 0 | EE2: 0 | EF2: 0 | EG2: 0 | EH2: 0 | EI2: 1 | EJ2: 0 | EK2: 0 | EL2: 0 | EM2: 0 | EN2: 0 | EO2: 1 | EP2: 1 | EQ2: B | ER2: C | ES2: B | ET2: C | EU2: C | EV2: D | EW2: C | EX2: C | EY2: C | EZ2: D | FA2: D | FB2: B | FC2: D | FD2: A | FE2: C | FF2: B | FG2: C | FH2: B | FI2: A | FJ2: A | FK2: C | FL2: B | FM2: C | FN2: A | FO2: C | FP2: B | FQ2: A | FR2: B | FS2: C | FT2: B | FU2: C | FV2: C | FW2: C | FX2: C | FY2: D | FZ2: A | GA2: B | GB2: C | GC2: C | GD2: D | GE2: A | GF2: C | GG2: A | GH2: A | GI2: C | GJ2: B | GK2: D | GL2: C | GM2: C | GN2: B | GO2: B | GP2: D | GQ2: A | GR2: B | GS2: B | GT2: C | GU2: B | GV2: B | GW2: C | GX2: C | GY2: A | GZ2: C | HA2: A | HB2: C | HC2: A | HD2: D | HE2: D | HF2: C | HG2: B | HH2: B | HI2: B | HJ2: B | HK2: B | HL2: A | HM2: B | HN2: A | HO2: C | HP2: A | HQ2: B | HR2: B | HS2: A | HT2: C | HU2: D | HV2: G | HW2: B | HX2: C | HY2: B | HZ2: C | IA2: B | IB2: C | IC2: C | ID2: C | IE2: B | IF2: B | IG2: A | IH2: B | II2: B | IJ2: A | IK2: A | IL2: C | IM2: C | IN2: C | IO2: B | IP2: C | IQ2: C | IR2: A | IS2: C | IT2: B | IU2: A | IV2: B | IW2: B | IX2: A | IY2: C | IZ2: A | JA2: A | JB2: A | JC2: B | JD2: B | JE2: B | JF2: A | JG2: A | JH2: B | JI2: A | JJ2: D | JK2: A | JL2: A | JM2: A | JN2: B | JO2: C | JP2: A | JQ2: A | JR2: D | JS2: B | JT2: D
A3: cerro tofeme monteria 2da sesiÃ³n [4077] | D3: BRAVO FLOREZ MIGUEL ANDRES | E3: 5704 | G3: 35.0 | H3: 134.0 | I3: 26.1 | J3: mar. 14 2026 09:29 a.Â m. | K3: mar. 14 2026 09:35 a.Â m. | M3: 0 | N3: 0 | O3: 0 | P3: 0 | Q3: 0 | R3: 0 | S3: 1 | T3: 0 | U3: 0 | V3: 0 | W3: 1 | X3: 0 | Y3: 0 | Z3: 0 | AA3: 0 | AB3: 0 | AC3: 0 | AD3: 1 | AE3: 0 | AF3: 0 | AG3: 0 | AH3: 0 | AI3: 0 | AJ3: 0 | AK3: 0 | AL3: 1 | AM3: 1 | AN3: 1 | AO3: 0 | AP3: 0 | AQ3: 0 | AR3: 1 | AS3: 0 | AT3: 1 | AU3: 0 | AV3: 1 | AW3: 0 | AX3: 0 | AY3: 0 | AZ3: 0 | BA3: 0 | BB3: 0 | BC3: 0 | BD3: 0 | BE3: 0 | BF3: 0 | BG3: 0 | BH3: 0 | BI3: 0 | BJ3: 1 | BK3: 0 | BL3: 1 | BM3: 0 | BN3: 0 | BO3: 1 | BP3: 0 | BQ3: 0 | BR3: 1 | BS3: 0 | BT3: 0 | BU3: 0 | BV3: 1 | BW3: 0 | BX3: 0 | BY3: 0 | BZ3: 1 | CA3: 0 | CB3: 0 | CC3: 0 | CD3: 0 | CE3: 0 | CF3: 1 | CG3: 1 | CH3: 0 | CI3: 1 | CJ3: 0 | CK3: 0 | CL3: 0 | CM3: 0 | CN3: 0 | CO3: 0 | CP3: 0 | CQ3: 0 | CR3: 0 | CS3: 0 | CT3: 0 | CU3: 0 | CV3: 1 | CW3: 1 | CX3: 0 | CY3: 1 | CZ3: 0 | DA3: 0 | DB3: 1 | DC3: 0 | DD3: 1 | DE3: 0 | DF3: 1 | DG3: 0 | DH3: 0 | DI3: 0 | DJ3: 1 | DK3: 0 | DL3: 0 | DM3: 1 | DN3: 0 | DO3: 1 | DP3: 0 | DQ3: 0 | DR3: 1 | DS3: 0 | DT3: 0 | DU3: 1 | DV3: 0 | DW3: 0 | DX3: 0 | DY3: 1 | DZ3: 1 | EA3: 0 | EB3: 1 | EC3: 1 | ED3: 0 | EE3: 1 | EF3: 1 | EG3: 0 | EH3: 0 | EI3: 0 | EJ3: 0 | EK3: 0 | EL3: 0 | EM3: 0 | EN3: 0 | EO3: 0 | EP3: 0 | EQ3: B | ER3: B | ES3: A | ET3: D | EU3: A | EV3: C | EW3: D | EX3: A | EY3: A | EZ3: C | FA3: D | FB3: D | FC3: A | FD3: B | FE3: D | FF3: A | FG3: A | FH3: B | FI3: B | FJ3: D | FK3: D | FL3: C | FM3: D | FN3: C | FO3: A | FP3: A | FQ3: A | FR3: B | FS3: D | FT3: A | FU3: D | FV3: C | FW3: A | FX3: C | FY3: B | FZ3: C | GA3: D | GB3: D | GC3: B | GD3: B | GE3: D | GF3: A | GG3: C | GH3: D | GI3: D | GJ3: C | GK3: A | GL3: A | GM3: D | GN3: B | GO3: A | GP3: D | GQ3: A | GR3: C | GS3: B | GT3: A | GU3: C | GV3: B | GW3: B | GX3: A | GY3: D | GZ3: C | HA3: D | HB3: D | HC3: B | HD3: D | HE3: A | HF3: D | HG3: A | HH3: C | HI3: D | HJ3: B | HK3: B | HL3: D | HM3: A | HN3: B | HO3: A | HP3: B | HQ3: A | HR3: A | HS3: F | HT3: D | HU3: B | HV3: E | HW3: A | HX3: C | HY3: C | HZ3: A | IA3: B | IB3: B | IC3: B | ID3: C | IE3: B | IF3: B | IG3: C | IH3: A | II3: A | IJ3: C | IK3: B | IL3: A | IM3: C | IN3: C | IO3: A | IP3: B | IQ3: C | IR3: A | IS3: B | IT3: A | IU3: C | IV3: C | IW3: A | IX3: A | IY3: C | IZ3: B | JA3: B | JB3: C | JC3: B | JD3: A | JE3: C | JF3: B | JG3: D | JH3: B | JI3: C | JJ3: A | JK3: C | JL3: A | JM3: D | JN3: B | JO3: D | JP3: D | JQ3: B | JR3: D | JS3: A | JT3: C
A4: cerro tofeme monteria 2da sesiÃ³n [4077] | D4: CALDERA CALVO MARIA ALEJANDRA | E4: 5705 | G4: 63.0 | H4: 134.0 | I4: 47.0 | J4: mar. 14 2026 09:29 a.Â m. | K4: mar. 14 2026 09:35 a.Â m. | M4: 1 | N4: 1 | O4: 1 | P4: 0 | Q4: 0 | R4: 1 | S4: 0 | T4: 0 | U4: 1 | V4: 1 | W4: 1 | X4: 1 | Y4: 0 | Z4: 1 | AA4: 0 | AB4: 1 | AC4: 0 | AD4: 0 | AE4: 1 | AF4: 1 | AG4: 1 | AH4: 0 | AI4: 0 | AJ4: 0 | AK4: 1 | AL4: 1 | AM4: 1 | AN4: 1 | AO4: 1 | AP4: 0 | AQ4: 1 | AR4: 1 | AS4: 0 | AT4: 0 | AU4: 0 | AV4: 0 | AW4: 1 | AX4: 1 | AY4: 1 | AZ4: 0 | BA4: 0 | BB4: 0 | BC4: 0 | BD4: 0 | BE4: 0 | BF4: 1 | BG4: 0 | BH4: 0 | BI4: 0 | BJ4: 0 | BK4: 0 | BL4: 0 | BM4: 0 | BN4: 0 | BO4: 0 | BP4: 0 | BQ4: 1 | BR4: 1 | BS4: 0 | BT4: 1 | BU4: 1 | BV4: 0 | BW4: 1 | BX4: 0 | BY4: 1 | BZ4: 1 | CA4: 0 | CB4: 1 | CC4: 1 | CD4: 1 | CE4: 0 | CF4: 0 | CG4: 0 | CH4: 1 | CI4: 0 | CJ4: 0 | CK4: 0 | CL4: 0 | CM4: 1 | CN4: 1 | CO4: 1 | CP4: 1 | CQ4: 0 | CR4: 0 | CS4: 1 | CT4: 0 | CU4: 1 | CV4: 0 | CW4: 1 | CX4: 0 | CY4: 0 | CZ4: 0 | DA4: 0 | DB4: 1 | DC4: 1 | DD4: 1 | DE4: 1 | DF4: 0 | DG4: 0 | DH4: 1 | DI4: 1 | DJ4: 0 | DK4: 1 | DL4: 1 | DM4: 0 | DN4: 0 | DO4: 1 | DP4: 1 | DQ4: 1 | DR4: 1 | DS4: 0 | DT4: 0 | DU4: 1 | DV4: 1 | DW4: 0 | DX4: 1 | DY4: 1 | DZ4: 0 | EA4: 0 | EB4: 1 | EC4: 0 | ED4: 0 | EE4: 1 | EF4: 1 | EG4: 0 | EH4: 0 | EI4: 0 | EJ4: 0 | EK4: 1 | EL4: 0 | EM4: 0 | EN4: 0 | EO4: 1 | EP4: 0 | EQ4: A | ER4: C | ES4: B | ET4: A | EU4: A | EV4: A | EW4: C | EX4: B | EY4: C | EZ4: A | FA4: D | FB4: A | FC4: B | FD4: D | FE4: A | FF4: B | FG4: B | FH4: C | FI4: A | FJ4: A | FK4: C | FL4: D | FM4: C | FN4: C | FO4: C | FP4: A | FQ4: A | FR4: B | FS4: C | FT4: D | FU4: B | FV4: C | FW4: A | FX4: D | FY4: A | FZ4: A | GA4: B | GB4: C | GC4: C | GD4: B | GE4: A | GF4: B | GG4: C | GH4: B | GI4: D | GJ4: B | GK4: B | GL4: D | GM4: A | GN4: A | GO4: C | GP4: A | GQ4: B | GR4: C | GS4: C | GT4: A | GU4: B | GV4: B | GW4: B | GX4: C | GY4: A | GZ4: B | HA4: A | HB4: A | HC4: A | HD4: D | HE4: A | HF4: C | HG4: B | HH4: B | HI4: B | HJ4: C | HK4: C | HL4: A | HM4: B | HN4: B | HO4: D | HP4: D | HQ4: B | HR4: B | HS4: A | HT4: C | HU4: D | HV4: E | HW4: B | HX4: C | HY4: B | HZ4: B | IA4: B | IB4: A | IC4: A | ID4: C | IE4: B | IF4: B | IG4: A | IH4: A | II4: B | IJ4: B | IK4: A | IL4: C | IM4: B | IN4: A | IO4: B | IP4: A | IQ4: A | IR4: A | IS4: B | IT4: B | IU4: A | IV4: C | IW4: C | IX4: A | IY4: C | IZ4: A | JA4: A | JB4: A | JC4: B | JD4: B | JE4: A | JF4: B | JG4: A | JH4: A | JI4: C | JJ4: A | JK4: A | JL4: A | JM4: B | JN4: B | JO4: B | JP4: B | JQ4: A | JR4: C | JS4: B | JT4: B
A5: cerro tofeme monteria 2da sesiÃ³n [4077] | D5: CARVAJAL MIRANDA YOELIS MARIA | E5: 5706 | G5: 50.0 | H5: 134.0 | I5: 37.3 | J5: mar. 14 2026 09:29 a.Â m. | K5: mar. 14 2026 09:35 a.Â m. | M5: 0 | N5: 0 | O5: 0 | P5: 1 | Q5: 0 | R5: 1 | S5: 0 | T5: 1 | U5: 0 | V5: 0 | W5: 0 | X5: 0 | Y5: 0 | Z5: 1 | AA5: 0 | AB5: 0 | AC5: 0 | AD5: 1 | AE5: 1 | AF5: 1 | AG5: 1 | AH5: 0 | AI5: 1 | AJ5: 0 | AK5: 0 | AL5: 0 | AM5: 0 | AN5: 0 | AO5: 1 | AP5: 1 | AQ5: 1 | AR5: 1 | AS5: 0 | AT5: 0 | AU5: 0 | AV5: 0 | AW5: 0 | AX5: 0 | AY5: 0 | AZ5: 0 | BA5: 0 | BB5: 1 | BC5: 0 | BD5: 0 | BE5: 0 | BF5: 0 | BG5: 0 | BH5: 0 | BI5: 1 | BJ5: 0 | BK5: 0 | BL5: 0 | BM5: 1 | BN5: 0 | BO5: 0 | BP5: 1 | BQ5: 1 | BR5: 0 | BS5: 1 | BT5: 0 | BU5: 1 | BV5: 1 | BW5: 0 | BX5: 0 | BY5: 1 | BZ5: 0 | CA5: 0 | CB5: 0 | CC5: 1 | CD5: 1 | CE5: 1 | CF5: 0 | CG5: 1 | CH5: 0 | CI5: 0 | CJ5: 0 | CK5: 1 | CL5: 1 | CM5: 0 | CN5: 1 | CO5: 1 | CP5: 1 | CQ5: 0 | CR5: 0 | CS5: 0 | CT5: 1 | CU5: 1 | CV5: 1 | CW5: 1 | CX5: 0 | CY5: 1 | CZ5: 0 | DA5: 0 | DB5: 0 | DC5: 1 | DD5: 0 | DE5: 0 | DF5: 0 | DG5: 0 | DH5: 0 | DI5: 0 | DJ5: 0 | DK5: 0 | DL5: 0 | DM5: 0 | DN5: 1 | DO5: 1 | DP5: 0 | DQ5: 0 | DR5: 0 | DS5: 1 | DT5: 0 | DU5: 1 | DV5: 1 | DW5: 0 | DX5: 1 | DY5: 0 | DZ5: 0 | EA5: 0 | EB5: 1 | EC5: 0 | ED5: 1 | EE5: 0 | EF5: 0 | EG5: 1 | EH5: 0 | EI5: 1 | EJ5: 0 | EK5: 1 | EL5: 1 | EM5: 0 | EN5: 0 | EO5: 1 | EP5: 0 | EQ5: D | ER5: B | ES5: C | ET5: C | EU5: C | EV5: A | EW5: B | EX5: C | EY5: B | EZ5: D | FA5: B | FB5: D | FC5: B | FD5: D | FE5: A | FF5: C | FG5: D | FH5: B | FI5: A | FJ5: A | FK5: C | FL5: D | FM5: B | FN5: C | FO5: B | FP5: C | FQ5: B | FR5: D | FS5: C | FT5: B | FU5: B | FV5: C | FW5: A | FX5: B | FY5: D | FZ5: D | GA5: C | GB5: D | GC5: A | GD5: C | GE5: A | GF5: C | GG5: D | GH5: B | GI5: D | GJ5: A | GK5: C | GL5: B | GM5: C | GN5: A | GO5: C | GP5: B | GQ5: C | GR5: C | GS5: D | GT5: C | GU5: B | GV5: D | GW5: C | GX5: A | GY5: A | GZ5: C | HA5: B | HB5: A | HC5: A | HD5: B | HE5: B | HF5: B | HG5: B | HH5: B | HI5: A | HJ5: C | HK5: B | HL5: C | HM5: B | HN5: D | HO5: C | HP5: C | HQ5: C | HR5: B | HS5: A | HT5: C | HU5: D | HV5: E | HW5: C | HX5: A | HY5: B | HZ5: A | IA5: B | IB5: A | IC5: B | ID5: C | IE5: B | IF5: C | IG5: A | IH5: C | II5: C | IJ5: B | IK5: A | IL5: B | IM5: A | IN5: B | IO5: A | IP5: C | IQ5: A | IR5: C | IS5: B | IT5: A | IU5: B | IV5: A | IW5: B | IX5: A | IY5: C | IZ5: A | JA5: B | JB5: A | JC5: A | JD5: B | JE5: C | JF5: B | JG5: A | JH5: C | JI5: A | JJ5: C | JK5: B | JL5: C | JM5: A | JN5: C | JO5: B | JP5: C | JQ5: A | JR5: C | JS5: B | JT5: A
A6: cerro tofeme monteria 2da sesiÃ³n [4077] | D6: DIAZ DONADO ROSA ANDREA | E6: 5707 | G6: 48.0 | H6: 134.0 | I6: 35.8 | J6: mar. 14 2026 09:29 a.Â m. | K6: mar. 14 2026 09:35 a.Â m. | M6: 1 | N6: 0 | O6: 1 | P6: 0 | Q6: 0 | R6: 1 | S6: 0 | T6: 1 | U6: 0 | V6: 0 | W6: 1 | X6: 1 | Y6: 0 | Z6: 0 | AA6: 1 | AB6: 0 | AC6: 0 | AD6: 1 | AE6: 1 | AF6: 1 | AG6: 1 | AH6: 0 | AI6: 0 | AJ6: 0 | AK6: 0 | AL6: 0 | AM6: 0 | AN6: 0 | AO6: 1 | AP6: 0 | AQ6: 1 | AR6: 1 | AS6: 0 | AT6: 1 | AU6: 0 | AV6: 1 | AW6: 1 | AX6: 1 | AY6: 1 | AZ6: 0 | BA6: 0 | BB6: 0 | BC6: 0 | BD6: 0 | BE6: 0 | BF6: 0 | BG6: 0 | BH6: 0 | BI6: 0 | BJ6: 1 | BK6: 0 | BL6: 0 | BM6: 0 | BN6: 1 | BO6: 1 | BP6: 0 | BQ6: 0 | BR6: 0 | BS6: 1 | BT6: 0 | BU6: 0 | BV6: 0 | BW6: 0 | BX6: 0 | BY6: 0 | BZ6: 1 | CA6: 0 | CB6: 1 | CC6: 0 | CD6: 0 | CE6: 0 | CF6: 0 | CG6: 0 | CH6: 0 | CI6: 0 | CJ6: 0 | CK6: 0 | CL6: 0 | CM6: 0 | CN6: 1 | CO6: 1 | CP6: 0 | CQ6: 1 | CR6: 0 | CS6: 1 | CT6: 1 | CU6: 0 | CV6: 0 | CW6: 1 | CX6: 1 | CY6: 0 | CZ6: 0 | DA6: 0 | DB6: 0 | DC6: 1 | DD6: 1 | DE6: 1 | DF6: 0 | DG6: 0 | DH6: 1 | DI6: 1 | DJ6: 0 | DK6: 1 | DL6: 0 | DM6: 0 | DN6: 0 | DO6: 0 | DP6: 1 | DQ6: 1 | DR6: 0 | DS6: 0 | DT6: 1 | DU6: 1 | DV6: 1 | DW6: 0 | DX6: 1 | DY6: 0 | DZ6: 1 | EA6: 0 | EB6: 0 | EC6: 0 | ED6: 0 | EE6: 0 | EF6: 0 | EG6: 0 | EH6: 0 | EI6: 1 | EJ6: 0 | EK6: 1 | EL6: 1 | EM6: 0 | EN6: 0 | EO6: 0 | EP6: 0 | EQ6: A | ER6: B | ES6: B | ET6: A | EU6: B | EV6: A | EW6: B | EX6: C | EY6: A | EZ6: B | FA6: D | FB6: A | FC6: B | FD6: B | FE6: C | FF6: A | FG6: D | FH6: B | FI6: A | FJ6: A | FK6: C | FL6: D | FM6: A | FN6: B | FO6: B | FP6: D | FQ6: B | FR6: D | FS6: C | FT6: D | FU6: B | FV6: C | FW6: B | FX6: C | FY6: D | FZ6: C | GA6: B | GB6: C | GC6: C | GD6: A | GE6: C | GF6: D | GG6: D | GH6: D | GI6: A | GJ6: A | GK6: C | GL6: D | GM6: A | GN6: B | GO6: D | GP6: B | GQ6: B | GR6: B | GS6: B | GT6: D | GU6: A | GV6: C | GW6: C | GX6: D | GY6: B | GZ6: B | HA6: C | HB6: B | HC6: C | HD6: D | HE6: B | HF6: C | HG6: C | HH6: A | HI6: B | HJ6: C | HK6: A | HL6: D | HM6: B | HN6: C | HO6: A | HP6: D | HQ6: C | HR6: B | HS6: A | HT6: D | HU6: F | HV6: E | HW6: B | HX6: A | HY6: C | HZ6: C | IA6: B | IB6: C | IC6: A | ID6: B | IE6: B | IF6: C | IG6: A | IH6: A | II6: B | IJ6: B | IK6: A | IL6: C | IM6: B | IN6: A | IO6: B | IP6: B | IQ6: B | IR6: B | IS6: A | IT6: B | IU6: A | IV6: B | IW6: A | IX6: C | IY6: C | IZ6: A | JA6: A | JB6: A | JC6: A | JD6: A | JE6: C | JF6: D | JG6: C | JH6: D | JI6: B | JJ6: D | JK6: C | JL6: D | JM6: A | JN6: C | JO6: B | JP6: C | JQ6: B | JR6: D | JS6: C | JT6: B
A7: cerro tofeme monteria 2da sesiÃ³n [4077] | D7: DIAZ MARTINEZ DINA MARCELA | E7: 5708 | G7: 46.0 | H7: 134.0 | I7: 34.3 | J7: mar. 14 2026 09:29 a.Â m. | K7: mar. 14 2026 09:35 a.Â m. | M7: 0 | N7: 0 | O7: 0 | P7: 1 | Q7: 0 | R7: 1 | S7: 0 | T7: 0 | U7: 1 | V7: 0 | W7: 0 | X7: 0 | Y7: 1 | Z7: 0 | AA7: 1 | AB7: 1 | AC7: 0 | AD7: 1 | AE7: 0 | AF7: 1 | AG7: 1 | AH7: 0 | AI7: 1 | AJ7: 0 | AK7: 1 | AL7: 0 | AM7: 1 | AN7: 1 | AO7: 1 | AP7: 1 | AQ7: 0 | AR7: 1 | AS7: 0 | AT7: 0 | AU7: 0 | AV7: 0 | AW7: 0 | AX7: 0 | AY7: 0 | AZ7: 0 | BA7: 0 | BB7: 1 | BC7: 0 | BD7: 0 | BE7: 0 | BF7: 0 | BG7: 0 | BH7: 0 | BI7: 0 | BJ7: 0 | BK7: 0 | BL7: 0 | BM7: 0 | BN7: 1 | BO7: 1 | BP7: 0 | BQ7: 1 | BR7: 0 | BS7: 0 | BT7: 0 | BU7: 0 | BV7: 1 | BW7: 1 | BX7: 0 | BY7: 0 | BZ7: 0 | CA7: 1 | CB7: 0 | CC7: 1 | CD7: 1 | CE7: 0 | CF7: 1 | CG7: 1 | CH7: 0 | CI7: 0 | CJ7: 0 | CK7: 0 | CL7: 0 | CM7: 0 | CN7: 1 | CO7: 1 | CP7: 0 | CQ7: 0 | CR7: 1 | CS7: 1 | CT7: 0 | CU7: 0 | CV7: 0 | CW7: 1 | CX7: 0 | CY7: 0 | CZ7: 0 | DA7: 0 | DB7: 0 | DC7: 0 | DD7: 0 | DE7: 1 | DF7: 0 | DG7: 0 | DH7: 0 | DI7: 1 | DJ7: 1 | DK7: 0 | DL7: 0 | DM7: 1 | DN7: 0 | DO7: 0 | DP7: 0 | DQ7: 0 | DR7: 0 | DS7: 0 | DT7: 1 | DU7: 1 | DV7: 1 | DW7: 0 | DX7: 1 | DY7: 1 | DZ7: 0 | EA7: 0 | EB7: 1 | EC7: 0 | ED7: 1 | EE7: 0 | EF7: 0 | EG7: 0 | EH7: 1 | EI7: 1 | EJ7: 0 | EK7: 1 | EL7: 0 | EM7: 0 | EN7: 0 | EO7: 0 | EP7: 0 | EQ7: D | ER7: B | ES7: D | ET7: C | EU7: A | EV7: A | EW7: A | EX7: A | EY7: C | EZ7: B | FB7: D | FC7: D | FD7: C | FE7: C | FF7: B | FG7: B | FH7: B | FI7: C | FJ7: A | FK7: C | FL7: D | FM7: B | FN7: C | FO7: C | FP7: B | FQ7: A | FR7: B | FS7: C | FT7: B | FU7: D | FV7: C | FW7: A | FX7: B | FY7: D | FZ7: A | GA7: C | GB7: A | GC7: A | GD7: C | GE7: C | GF7: C | GG7: B | GH7: C | GI7: A | GJ7: D | GK7: A | GL7: B | GM7: D | GN7: A | GO7: A | GP7: A | GQ7: A | GR7: B | GS7: B | GT7: B | GU7: B | GV7: C | GW7: A | GX7: D | GY7: D | GZ7: C | HA7: A | HB7: D | HC7: B | HD7: B | HE7: D | HF7: D | HG7: B | HH7: B | HI7: D | HJ7: B | HK7: B | HL7: D | HM7: B | HN7: C | HO7: A | HP7: A | HQ7: C | HR7: B | HS7: A | HT7: D | HU7: C | HV7: G | HW7: B | HX7: B | HY7: C | HZ7: B | IA7: B | IB7: A | IC7: A | ID7: C | IE7: A | IF7: A | IG7: B | IH7: B | II7: B | IJ7: A | IK7: B | IL7: A | IM7: B | IN7: C | IO7: A | IP7: B | IQ7: C | IR7: A | IS7: C | IT7: A | IU7: C | IV7: B | IW7: C | IX7: C | IY7: C | IZ7: A | JA7: A | JB7: A | JC7: B | JD7: B | JE7: C | JF7: B | JG7: C | JH7: C | JI7: A | JJ7: D | JK7: D | JL7: B | JM7: A | JN7: C | JO7: B | JP7: B | JQ7: C | JR7: B | JS7: C | JT7: B
A8: cerro tofeme monteria 2da sesiÃ³n [4077] | D8: LAGARES PEREZ OVIER ANTONIO | E8: 5709 | G8: 52.0 | H8: 134.0 | I8: 38.8 | J8: mar. 14 2026 09:29 a.Â m. | K8: mar. 14 2026 09:35 a.Â m. | M8: 1 | N8: 0 | O8: 0 | P8: 0 | Q8: 0 | R8: 0 | S8: 1 | T8: 1 | U8: 0 | V8: 0 | W8: 0 | X8: 0 | Y8: 0 | Z8: 0 | AA8: 1 | AB8: 0 | AC8: 0 | AD8: 0 | AE8: 1 | AF8: 1 | AG8: 1 | AH8: 0 | AI8: 1 | AJ8: 0 | AK8: 0 | AL8: 0 | AM8: 0 | AN8: 1 | AO8: 1 | AP8: 1 | AQ8: 1 | AR8: 0 | AS8: 0 | AT8: 1 | AU8: 0 | AV8: 0 | AW8: 1 | AX8: 0 | AY8: 1 | AZ8: 0 | BA8: 1 | BB8: 0 | BC8: 0 | BD8: 0 | BE8: 0 | BF8: 0 | BG8: 0 | BH8: 1 | BI8: 0 | BJ8: 0 | BK8: 0 | BL8: 1 | BM8: 0 | BN8: 0 | BO8: 1 | BP8: 0 | BQ8: 1 | BR8: 1 | BS8: 0 | BT8: 1 | BU8: 1 | BV8: 0 | BW8: 0 | BX8: 0 | BY8: 1 | BZ8: 1 | CA8: 0 | CB8: 1 | CC8: 1 | CD8: 1 | CE8: 0 | CF8: 1 | CG8: 0 | CH8: 1 | CI8: 0 | CJ8: 0 | CK8: 1 | CL8: 0 | CM8: 1 | CN8: 1 | CO8: 1 | CP8: 1 | CQ8: 0 | CR8: 0 | CS8: 1 | CT8: 0 | CU8: 0 | CV8: 0 | CW8: 1 | CX8: 0 | CY8: 0 | CZ8: 0 | DA8: 0 | DB8: 0 | DC8: 0 | DD8: 1 | DE8: 1 | DF8: 1 | DG8: 0 | DH8: 1 | DI8: 0 | DJ8: 0 | DK8: 1 | DL8: 1 | DM8: 0 | DN8: 0 | DO8: 0 | DP8: 1 | DQ8: 1 | DR8: 1 | DS8: 0 | DT8: 0 | DU8: 1 | DV8: 1 | DW8: 0 | DX8: 1 | DY8: 0 | DZ8: 0 | EA8: 0 | EB8: 0 | EC8: 0 | ED8: 0 | EE8: 0 | EF8: 0 | EG8: 0 | EH8: 1 | EI8: 0 | EJ8: 0 | EK8: 0 | EL8: 0 | EM8: 0 | EN8: 0 | EO8: 1 | EP8: 1 | EQ8: A | ER8: B | ES8: D | ET8: B | EU8: C | EV8: B | EW8: D | EX8: C | EY8: B | EZ8: B | FA8: B | FB8: D | FC8: B | FD8: B | FE8: C | FF8: D | FG8: B | FH8: D | FI8: A | FJ8: A | FK8: C | FL8: D | FM8: B | FN8: A | FO8: A | FP8: B | FQ8: C | FR8: B | FS8: C | FT8: B | FU8: B | FV8: A | FW8: B | FX8: C | FY8: B | FZ8: D | GA8: B | GB8: D | GC8: C | GD8: A | GE8: B | GF8: B | GG8: D | GH8: B | GI8: B | GJ8: A | GK8: C | GL8: C | GM8: B | GN8: C | GO8: D | GP8: D | GQ8: B | GR8: C | GS8: B | GT8: A | GU8: B | GV8: B | GW8: A | GX8: C | GY8: A | GZ8: D | HA8: B | HB8: B | HC8: A | HD8: D | HE8: A | HF8: C | HG8: B | HH8: B | HI8: B | HJ8: B | HK8: A | HL8: A | HM8: B | HN8: C | HO8: C | HP8: D | HQ8: B | HR8: B | HS8: A | HT8: C | HU8: D | HV8: E | HW8: B | HX8: B | HY8: C | HZ8: B | IA8: B | IB8: A | IC8: A | ID8: B | IE8: B | IF8: A | IG8: C | IH8: A | II8: B | IJ8: C | IK8: A | IL8: C | IM8: A | IN8: A | IO8: B | IP8: A | IQ8: A | IR8: A | IS8: C | IT8: B | IU8: A | IV8: C | IW8: C | IX8: B | IY8: C | IZ8: A | JA8: A | JB8: A | JC8: A | JD8: B | JE8: C | JF8: D | JG8: B | JH8: D | JI8: A | JJ8: D | JK8: A | JL8: B | JM8: D | JN8: B | JO8: C | JP8: B | JQ8: B | JR8: C | JS8: B | JT8: D
A9: cerro tofeme monteria 2da sesiÃ³n [4077] | D9: SANTANA RAMOS EUSEBIO | E9: 5711 | G9: 49.0 | H9: 134.0 | I9: 36.6 | J9: mar. 14 2026 09:29 a.Â m. | K9: mar. 14 2026 09:35 a.Â m. | M9: 1 | N9: 1 | O9: 1 | P9: 1 | Q9: 0 | R9: 1 | S9: 0 | T9: 1 | U9: 1 | V9: 0 | W9: 1 | X9: 0 | Y9: 1 | Z9: 0 | AA9: 0 | AB9: 0 | AC9: 1 | AD9: 0 | AE9: 0 | AF9: 1 | AG9: 1 | AH9: 0 | AI9: 0 | AJ9: 0 | AK9: 1 | AL9: 0 | AM9: 0 | AN9: 0 | AO9: 1 | AP9: 1 | AQ9: 0 | AR9: 0 | AS9: 0 | AT9: 0 | AU9: 0 | AV9: 1 | AW9: 0 | AX9: 1 | AY9: 0 | AZ9: 0 | BA9: 0 | BB9: 0 | BC9: 0 | BD9: 1 | BE9: 0 | BF9: 0 | BG9: 0 | BH9: 1 | BI9: 0 | BJ9: 0 | BK9: 1 | BL9: 0 | BM9: 0 | BN9: 0 | BO9: 1 | BP9: 1 | BQ9: 0 | BR9: 1 | BS9: 0 | BT9: 1 | BU9: 1 | BV9: 1 | BW9: 0 | BX9: 0 | BY9: 1 | BZ9: 1 | CA9: 0 | CB9: 0 | CC9: 1 | CD9: 1 | CE9: 0 | CF9: 1 | CG9: 0 | CH9: 1 | CI9: 0 | CJ9: 0 | CK9: 1 | CL9: 0 | CM9: 0 | CN9: 0 | CO9: 1 | CP9: 0 | CQ9: 0 | CR9: 1 | CS9: 1 | CT9: 0 | CU9: 0 | CV9: 0 | CW9: 1 | CX9: 1 | CY9: 0 | CZ9: 0 | DA9: 0 | DB9: 1 | DC9: 0 | DD9: 0 | DE9: 1 | DF9: 0 | DG9: 0 | DH9: 0 | DI9: 0 | DJ9: 0 | DK9: 1 | DL9: 0 | DM9: 1 | DN9: 0 | DO9: 0 | DP9: 1 | DQ9: 0 | DR9: 0 | DS9: 0 | DT9: 0 | DU9: 1 | DV9: 1 | DW9: 0 | DX9: 1 | DY9: 1 | DZ9: 0 | EA9: 0 | EB9: 0 | EC9: 0 | ED9: 0 | EE9: 0 | EF9: 1 | EG9: 0 | EH9: 0 | EI9: 0 | EJ9: 0 | EK9: 0 | EL9: 0 | EM9: 0 | EN9: 0 | EO9: 1 | EP9: 0 | EQ9: A | ER9: C | ES9: B | ET9: C | EU9: C | EV9: A | EW9: C | EX9: C | EY9: C | EZ9: B | FA9: D | FB9: B | FC9: D | FD9: B | FE9: A | FF9: A | FG9: C | FH9: A | FI9: B | FJ9: A | FK9: C | FL9: A | FM9: A | FN9: A | FO9: C | FP9: C | FQ9: C | FR9: C | FS9: C | FT9: B | FU9: D | FV9: D | FW9: A | FX9: B | FY9: A | FZ9: C | GA9: C | GB9: C | GC9: A | GD9: A | GE9: A | GF9: D | GG9: B | GH9: A | GI9: A | GJ9: A | GK9: C | GL9: C | GM9: D | GN9: A | GO9: B | GP9: B | GQ9: A | GR9: A | GS9: B | GT9: C | GU9: C | GV9: B | GW9: B | GX9: C | GY9: A | GZ9: C | HA9: D | HB9: A | HC9: A | HD9: D | HE9: C | HF9: A | HG9: B | HH9: B | HI9: B | HJ9: B | HK9: A | HL9: A | HM9: B | HN9: B | HO9: C | HP9: A | HQ9: C | HR9: C | HS9: A | HT9: E | HU9: D | HV9: G | HW9: B | HX9: B | HY9: C | HZ9: B | IA9: B | IB9: C | IC9: C | ID9: B | IE9: B | IF9: B | IG9: C | IH9: B | II9: B | IJ9: A | IK9: B | IL9: B | IM9: C | IN9: A | IO9: B | IP9: C | IQ9: C | IR9: B | IS9: A | IT9: B | IU9: B | IV9: B | IW9: C | IX9: A | IY9: C | IZ9: A | JA9: A | JB9: A | JC9: B | JD9: B | JE9: C | JF9: D | JG9: B | JH9: B | JI9: A | JJ9: A | JK9: A | JL9: A | JM9: D | JN9: B | JO9: D | JP9: B | JQ9: C | JR9: C | JS9: B | JT9: C
A10: cerro tofeme monteria 2da sesiÃ³n [4077] | D10: TRIVIÑO AYALA JONATHAN | E10: 5712 | G10: 48.0 | H10: 134.0 | I10: 35.8 | J10: mar. 14 2026 09:29 a.Â m. | K10: mar. 14 2026 09:35 a.Â m. | M10: 0 | N10: 0 | O10: 0 | P10: 0 | Q10: 0 | R10: 1 | S10: 0 | T10: 0 | U10: 0 | V10: 0 | W10: 1 | X10: 0 | Y10: 0 | Z10: 0 | AA10: 1 | AB10: 1 | AC10: 0 | AD10: 1 | AE10: 1 | AF10: 1 | AG10: 1 | AH10: 0 | AI10: 0 | AJ10: 1 | AK10: 1 | AL10: 0 | AM10: 0 | AN10: 0 | AO10: 1 | AP10: 0 | AQ10: 0 | AR10: 0 | AS10: 0 | AT10: 0 | AU10: 0 | AV10: 1 | AW10: 0 | AX10: 0 | AY10: 0 | AZ10: 0 | BA10: 0 | BB10: 1 | BC10: 0 | BD10: 0 | BE10: 0 | BF10: 1 | BG10: 0 | BH10: 0 | BI10: 0 | BJ10: 1 | BK10: 1 | BL10: 0 | BM10: 1 | BN10: 1 | BO10: 1 | BP10: 1 | BQ10: 0 | BR10: 0 | BS10: 0 | BT10: 0 | BU10: 1 | BV10: 1 | BW10: 0 | BX10: 0 | BY10: 0 | BZ10: 0 | CA10: 0 | CB10: 0 | CC10: 1 | CD10: 1 | CE10: 0 | CF10: 1 | CG10: 1 | CH10: 0 | CI10: 0 | CJ10: 0 | CK10: 0 | CL10: 0 | CM10: 1 | CN10: 1 | CO10: 1 | CP10: 1 | CQ10: 1 | CR10: 1 | CS10: 1 | CT10: 1 | CU10: 0 | CV10: 0 | CW10: 1 | CX10: 0 | CY10: 0 | CZ10: 1 | DA10: 0 | DB10: 0 | DC10: 0 | DD10: 0 | DE10: 0 | DF10: 0 | DG10: 0 | DH10: 1 | DI10: 0 | DJ10: 0 | DK10: 0 | DL10: 0 | DM10: 1 | DN10: 0 | DO10: 0 | DP10: 1 | DQ10: 0 | DR10: 1 | DS10: 0 | DT10: 0 | DU10: 1 | DV10: 1 | DW10: 0 | DX10: 1 | DY10: 1 | DZ10: 0 | EA10: 0 | EB10: 0 | EC10: 1 | ED10: 1 | EE10: 0 | EF10: 1 | EG10: 0 | EH10: 0 | EI10: 0 | EJ10: 0 | EK10: 1 | EL10: 0 | EM10: 0 | EN10: 0 | EO10: 0 | EP10: 0 | EQ10: C | ER10: B | ES10: D | ET10: D | EU10: C | EV10: A | EW10: C | EX10: A | EY10: B | EZ10: B | FA10: D | FB10: D | FC10: B | FD10: B | FE10: C | FF10: B | FG10: B | FH10: B | FI10: A | FJ10: A | FK10: C | FL10: C | FM10: C | FN10: D | FO10: C | FP10: B | FQ10: B | FR10: D | FS10: C | FT10: A | FU10: C | FV10: B | FW10: D | FX10: B | FY10: A | FZ10: C | GA10: C | GB10: A | GC10: A | GD10: B | GE10: D | GF10: C | GG10: C | GH10: C | GI10: A | GJ10: B | GK10: A | GL10: B | GM10: A | GN10: B | GO10: B | GP10: C | GQ10: C | GR10: B | GS10: B | GT10: C | GU10: A | GV10: A | GW10: B | GX10: B | GY10: A | GZ10: C | HA10: B | HB10: A | HC10: C | HD10: A | HE10: C | HF10: A | HG10: B | HH10: B | HI10: C | HJ10: B | HK10: B | HL10: B | HM10: B | HN10: B | HO10: B | HP10: D | HQ10: B | HR10: B | HS10: A | HT10: C | HU10: F | HV10: G | HW10: B | HX10: A | HY10: A | HZ10: B | IA10: B | IB10: A | IC10: C | ID10: A | IE10: B | IF10: A | IG10: B | IH10: B | II10: C | IJ10: B | IK10: A | IL10: C | IM10: C | IN10: A | IO10: A | IP10: B | IQ10: C | IR10: B | IS10: C | IT10: B | IU10: B | IV10: C | IW10: C | IX10: A | IY10: C | IZ10: A | JA10: A | JB10: A | JC10: B | JD10: B | JE10: C | JF10: A | JG10: D | JH10: C | JI10: D | JJ10: A | JK10: D | JL10: C | JM10: B | JN10: C | JO10: B | JP10: B | JQ10: C | JR10: B | JS10: C | JT10: C
A11: cerro tofeme monteria 2da sesiÃ³n [4077] | D11: VELASQUEZ GANOT MARIA JOSE | E11: 5713 | G11: 52.0 | H11: 134.0 | I11: 38.8 | J11: mar. 14 2026 09:30 a.Â m. | K11: mar. 14 2026 09:35 a.Â m. | M11: 1 | N11: 0 | O11: 0 | P11: 1 | Q11: 0 | R11: 0 | S11: 0 | T11: 1 | U11: 1 | V11: 0 | W11: 0 | X11: 0 | Y11: 0 | Z11: 0 | AA11: 1 | AB11: 1 | AC11: 1 | AD11: 1 | AE11: 1 | AF11: 1 | AG11: 1 | AH11: 0 | AI11: 0 | AJ11: 0 | AK11: 0 | AL11: 1 | AM11: 1 | AN11: 1 | AO11: 1 | AP11: 0 | AQ11: 1 | AR11: 1 | AS11: 0 | AT11: 0 | AU11: 0 | AV11: 1 | AW11: 0 | AX11: 1 | AY11: 0 | AZ11: 0 | BA11: 0 | BB11: 0 | BC11: 0 | BD11: 0 | BE11: 0 | BF11: 1 | BG11: 0 | BH11: 0 | BI11: 0 | BJ11: 1 | BK11: 0 | BL11: 0 | BM11: 0 | BN11: 0 | BO11: 1 | BP11: 0 | BQ11: 1 | BR11: 0 | BS11: 0 | BT11: 1 | BU11: 0 | BV11: 1 | BW11: 0 | BX11: 0 | BY11: 0 | BZ11: 0 | CA11: 0 | CB11: 1 | CC11: 1 | CD11: 0 | CE11: 0 | CF11: 1 | CG11: 0 | CH11: 0 | CI11: 0 | CJ11: 0 | CK11: 0 | CL11: 0 | CM11: 0 | CN11: 1 | CO11: 1 | CP11: 0 | CQ11: 0 | CR11: 0 | CS11: 1 | CT11: 0 | CU11: 0 | CV11: 0 | CW11: 1 | CX11: 1 | CY11: 1 | CZ11: 0 | DA11: 0 | DB11: 0 | DC11: 0 | DD11: 1 | DE11: 1 | DF11: 1 | DG11: 1 | DH11: 1 | DI11: 1 | DJ11: 0 | DK11: 0 | DL11: 1 | DM11: 0 | DN11: 0 | DO11: 0 | DP11: 1 | DQ11: 1 | DR11: 0 | DS11: 1 | DT11: 1 | DU11: 1 | DV11: 1 | DW11: 0 | DX11: 1 | DY11: 0 | DZ11: 0 | EA11: 1 | EB11: 1 | EC11: 0 | ED11: 0 | EE11: 0 | EF11: 1 | EG11: 0 | EH11: 0 | EI11: 0 | EJ11: 0 | EK11: 1 | EL11: 0 | EM11: 0 | EN11: 0 | EO11: 0 | EP11: 0 | EQ11: A | ER11: B | ES11: C | ET11: C | EU11: B | EV11: B | EW11: C | EX11: C | EY11: C | EZ11: C | FA11: A | FB11: B | FC11: B | FD11: B | FE11: C | FF11: B | FG11: C | FH11: B | FI11: A | FJ11: A | FK11: C | FL11: C | FM11: A | FN11: C | FO11: A | FP11: A | FQ11: A | FR11: B | FS11: C | FT11: D | FU11: B | FV11: C | FW11: B | FX11: A | FY11: B | FZ11: C | GA11: A | GB11: C | GC11: A | GD11: C | GE11: C | GF11: A | GG11: D | GH11: B | GI11: D | GJ11: B | GK11: B | GL11: A | GM11: B | GN11: B | GO11: A | GP11: B | GQ11: B | GR11: A | GS11: B | GT11: B | GU11: B | GV11: C | GW11: B | GX11: C | GY11: B | GZ11: C | HA11: B | HB11: B | HC11: B | HD11: A | HE11: C | HF11: C | HG11: B | HH11: A | HI11: D | HJ11: B | HK11: C | HL11: D | HM11: D | HN11: C | HO11: B | HP11: B | HQ11: D | HR11: B | HS11: A | HT11: D | HU11: C | HV11: E | HW11: B | HX11: C | HY11: C | HZ11: B | IA11: B | IB11: C | IC11: B | ID11: C | IE11: B | IF11: C | IG11: B | IH11: A | II11: B | IJ11: C | IK11: C | IL11: C | IM11: B | IN11: A | IO11: C | IP11: A | IQ11: B | IR11: A | IS11: C | IT11: B | IU11: A | IV11: B | IW11: B | IX11: C | IY11: C | IZ11: A | JA11: A | JB11: A | JC11: A | JD11: B | JE11: B | JF11: B | JG11: C | JH11: B | JI11: A | JJ11: A | JK11: C | JL11: C | JM11: B | JN11: C | JO11: B | JP11: B | JQ11: B | JR11: C | JS11: A | JT11: C
A12: cerro tofeme monteria 2da sesiÃ³n [4077] | D12: ZARZA BARRAGAN JOHAN SEBASTIAN | E12: 5714 | G12: 43.0 | H12: 134.0 | I12: 32.1 | J12: mar. 14 2026 09:30 a.Â m. | K12: mar. 14 2026 09:35 a.Â m. | M12: 0 | N12: 0 | O12: 0 | P12: 1 | Q12: 0 | R12: 0 | S12: 0 | T12: 0 | U12: 0 | V12: 0 | W12: 1 | X12: 0 | Y12: 0 | Z12: 0 | AA12: 0 | AB12: 1 | AC12: 0 | AD12: 1 | AE12: 1 | AF12: 1 | AG12: 1 | AH12: 0 | AI12: 0 | AJ12: 0 | AK12: 0 | AL12: 0 | AM12: 0 | AN12: 0 | AO12: 1 | AP12: 0 | AQ12: 1 | AR12: 0 | AS12: 0 | AT12: 0 | AU12: 0 | AV12: 1 | AW12: 0 | AX12: 1 | AY12: 1 | AZ12: 1 | BA12: 0 | BB12: 0 | BC12: 0 | BD12: 0 | BE12: 0 | BF12: 0 | BG12: 0 | BH12: 0 | BI12: 1 | BJ12: 0 | BK12: 0 | BL12: 0 | BM12: 0 | BN12: 1 | BO12: 1 | BP12: 0 | BQ12: 0 | BR12: 0 | BS12: 1 | BT12: 0 | BU12: 1 | BV12: 1 | BW12: 0 | BX12: 0 | BY12: 1 | BZ12: 0 | CA12: 0 | CB12: 0 | CC12: 0 | CD12: 0 | CE12: 0 | CF12: 0 | CG12: 0 | CH12: 0 | CI12: 0 | CJ12: 1 | CK12: 1 | CL12: 1 | CM12: 1 | CN12: 1 | CO12: 1 | CP12: 0 | CQ12: 0 | CR12: 0 | CS12: 1 | CT12: 1 | CU12: 0 | CV12: 0 | CW12: 1 | CX12: 1 | CY12: 1 | CZ12: 0 | DA12: 0 | DB12: 0 | DC12: 1 | DD12: 0 | DE12: 1 | DF12: 0 | DG12: 0 | DH12: 1 | DI12: 0 | DJ12: 0 | DK12: 0 | DL12: 1 | DM12: 1 | DN12: 0 | DO12: 0 | DP12: 0 | DQ12: 1 | DR12: 0 | DS12: 0 | DT12: 0 | DU12: 1 | DV12: 1 | DW12: 0 | DX12: 1 | DY12: 1 | DZ12: 0 | EA12: 0 | EB12: 0 | EC12: 0 | ED12: 0 | EE12: 1 | EF12: 0 | EG12: 0 | EH12: 0 | EI12: 0 | EJ12: 0 | EK12: 0 | EL12: 0 | EM12: 0 | EN12: 0 | EO12: 0 | EP12: 1 | EQ12: D | ER12: B | ES12: C | ET12: C | EU12: A | EV12: C | EW12: C | EX12: B | EY12: A | EZ12: C | FA12: D | FB12: D | FC12: A | FD12: B | FE12: A | FF12: B | FG12: D | FH12: B | FI12: A | FJ12: A | FK12: C | FL12: A | FM12: D | FN12: C | FO12: A | FP12: B | FQ12: C | FR12: C | FS12: C | FT12: C | FU12: B | FV12: B | FW12: A | FX12: A | FY12: D | FZ12: C | GA12: D | GB12: C | GC12: C | GD12: D | GE12: A | GF12: B | GG12: C | GH12: B | GI12: A | GJ12: A | GK12: B | GL12: B | GM12: C | GN12: A | GO12: D | GP12: C | GQ12: B | GR12: B | GS12: B | GT12: D | GU12: A | GV12: D | GW12: C | GX12: B | GY12: A | GZ12: C | HA12: C | HB12: A | HC12: A | HD12: A | HE12: C | HF12: A | HG12: C | HH12: A | HI12: D | HJ12: D | HK12: A | HL12: D | HM12: B | HN12: A | HO12: C | HP12: C | HQ12: B | HR12: B | HS12: A | HT12: F | HU12: G | HV12: E | HW12: B | HX12: A | HY12: C | HZ12: B | IA12: B | IB12: C | IC12: B | ID12: C | IE12: B | IF12: C | IG12: A | IH12: B | II12: B | IJ12: A | IK12: B | IL12: C | IM12: C | IN12: A | IO12: A | IP12: A | IQ12: C | IR12: A | IS12: C | IT12: A | IU12: A | IV12: B | IW12: C | IX12: A | IY12: C | IZ12: A | JA12: A | JB12: A | JC12: B | JD12: B | JE12: C | JF12: D | JG12: C | JH12: A | JI12: C | JJ12: D | JK12: D | JL12: A | JM12: C | JN12: B | JO12: A | JP12: B | JQ12: C | JR12: B | JS12: D | JT12: D
A13: cerro tofeme monteria 2da sesiÃ³n [4077] | D13: BENITEZ GALINDO SAMUEL DAVID | E13: 5801 | G13: 34.0 | H13: 134.0 | I13: 25.4 | J13: mar. 14 2026 09:31 a.Â m. | K13: mar. 14 2026 09:35 a.Â m. | M13: 0 | N13: 0 | O13: 0 | P13: 0 | Q13: 0 | R13: 1 | S13: 0 | T13: 0 | U13: 0 | V13: 0 | W13: 0 | X13: 0 | Y13: 1 | Z13: 0 | AA13: 0 | AB13: 1 | AC13: 0 | AD13: 1 | AE13: 0 | AF13: 0 | AG13: 1 | AH13: 0 | AI13: 0 | AJ13: 0 | AK13: 1 | AL13: 0 | AM13: 1 | AN13: 0 | AO13: 0 | AP13: 0 | AQ13: 0 | AR13: 0 | AS13: 0 | AT13: 1 | AU13: 1 | AV13: 0 | AW13: 0 | AX13: 1 | AY13: 0 | AZ13: 0 | BA13: 0 | BB13: 0 | BC13: 1 | BD13: 0 | BE13: 0 | BF13: 0 | BG13: 0 | BH13: 0 | BI13: 0 | BJ13: 0 | BK13: 0 | BL13: 0 | BM13: 0 | BN13: 0 | BO13: 1 | BP13: 0 | BQ13: 1 | BR13: 0 | BS13: 0 | BT13: 1 | BU13: 0 | BV13: 0 | BW13: 0 | BX13: 1 | BY13: 1 | BZ13: 0 | CA13: 0 | CB13: 1 | CC13: 0 | CD13: 0 | CE13: 0 | CF13: 0 | CG13: 0 | CH13: 0 | CI13: 0 | CJ13: 1 | CK13: 0 | CL13: 0 | CM13: 0 | CN13: 0 | CO13: 1 | CP13: 0 | CQ13: 0 | CR13: 0 | CS13: 0 | CT13: 1 | CU13: 0 | CV13: 0 | CW13: 1 | CX13: 0 | CY13: 0 | CZ13: 0 | DA13: 0 | DB13: 1 | DC13: 1 | DD13: 1 | DE13: 0 | DF13: 0 | DG13: 0 | DH13: 0 | DI13: 0 | DJ13: 1 | DK13: 0 | DL13: 0 | DM13: 0 | DN13: 1 | DO13: 1 | DP13: 0 | DQ13: 0 | DR13: 1 | DS13: 0 | DT13: 0 | DU13: 1 | DV13: 1 | DW13: 0 | DX13: 1 | DY13: 1 | DZ13: 0 | EA13: 0 | EB13: 1 | EC13: 0 | ED13: 0 | EE13: 0 | EF13: 0 | EG13: 0 | EH13: 0 | EI13: 0 | EJ13: 0 | EK13: 0 | EL13: 0 | EM13: 0 | EN13: 1 | EO13: 0 | EP13: 0 | EQ13: B | ER13: D | ES13: A | ET13: D | EU13: C | EV13: A | EW13: B | EX13: D | EY13: D | EZ13: B | FA13: C | FB13: D | FC13: D | FD13: B | FE13: B | FF13: B | FG13: D | FH13: B | FI13: B | FJ13: B | FK13: C | FL13: D | FM13: A | FN13: C | FO13: C | FP13: C | FQ13: A | FR13: C | FS13: B | FT13: D | FU13: A | FV13: B | FW13: A | FX13: C | FY13: C | FZ13: D | GA13: D | GB13: C | GC13: A | GD13: B | GE13: A | GF13: D | GG13: A | GH13: B | GI13: B | GJ13: A | GK13: C | GM13: B | GN13: A | GO13: C | GP13: B | GQ13: A | GR13: C | GS13: B | GT13: A | GU13: B | GV13: D | GW13: D | GX13: C | GY13: C | GZ13: A | HA13: B | HB13: C | HC13: A | HD13: B | HE13: B | HF13: C | HG13: C | HH13: A | HI13: C | HJ13: D | HK13: C | HL13: B | HM13: D | HN13: A | HO13: A | HP13: B | HQ13: A | HR13: G | HS13: A | HT13: F | HU13: B | HV13: E | HW13: C | HX13: A | HY13: C | HZ13: B | IA13: B | IB13: A | IC13: C | ID13: C | IE13: B | IF13: B | IG13: A | IH13: A | II13: C | IJ13: A | IK13: B | IL13: B | IM13: A | IN13: C | IO13: A | IP13: B | IQ13: A | IR13: C | IS13: B | IT13: A | IU13: C | IV13: C | IW13: C | IX13: A | IY13: C | IZ13: A | JA13: A | JB13: A | JC13: B | JD13: B | JE13: C | JF13: B | JG13: A | JH13: B | JI13: A | JJ13: C | JK13: D | JL13: C | JM13: B | JN13: B | JO13: A | JP13: B | JQ13: C | JR13: A | JS13: A | JT13: B
A14: cerro tofeme monteria 2da sesiÃ³n [4077] | D14: CASTAÑO EMERIS DANIELA LUCIA | E14: 5802 | G14: 44.0 | H14: 134.0 | I14: 32.8 | J14: mar. 14 2026 09:31 a.Â m. | K14: mar. 14 2026 09:35 a.Â m. | M14: 0 | N14: 0 | O14: 0 | P14: 1 | Q14: 0 | R14: 0 | S14: 0 | T14: 0 | U14: 1 | V14: 0 | W14: 1 | X14: 0 | Y14: 0 | Z14: 0 | AA14: 1 | AB14: 0 | AC14: 0 | AD14: 1 | AE14: 1 | AF14: 1 | AG14: 0 | AH14: 0 | AI14: 1 | AJ14: 0 | AK14: 0 | AL14: 1 | AM14: 1 | AN14: 0 | AO14: 1 | AP14: 0 | AQ14: 0 | AR14: 0 | AS14: 0 | AT14: 0 | AU14: 0 | AV14: 1 | AW14: 0 | AX14: 0 | AY14: 0 | AZ14: 0 | BA14: 0 | BB14: 1 | BC14: 0 | BD14: 1 | BE14: 0 | BF14: 0 | BG14: 0 | BH14: 1 | BI14: 0 | BJ14: 0 | BK14: 1 | BL14: 0 | BM14: 1 | BN14: 1 | BO14: 1 | BP14: 1 | BQ14: 0 | BR14: 1 | BS14: 0 | BT14: 0 | BU14: 0 | BV14: 1 | BW14: 0 | BX14: 0 | BY14: 0 | BZ14: 0 | CA14: 0 | CB14: 0 | CC14: 0 | CD14: 0 | CE14: 0 | CF14: 1 | CG14: 0 | CH14: 0 | CI14: 0 | CJ14: 0 | CK14: 0 | CL14: 1 | CM14: 0 | CN14: 0 | CO14: 1 | CP14: 1 | CQ14: 0 | CR14: 0 | CS14: 1 | CT14: 0 | CU14: 1 | CV14: 0 | CW14: 1 | CX14: 0 | CY14: 0 | CZ14: 0 | DA14: 0 | DB14: 0 | DC14: 1 | DD14: 1 | DE14: 0 | DF14: 1 | DG14: 0 | DH14: 0 | DI14: 0 | DJ14: 0 | DK14: 1 | DL14: 1 | DM14: 0 | DN14: 1 | DO14: 0 | DP14: 0 | DQ14: 1 | DR14: 1 | DS14: 0 | DT14: 1 | DU14: 0 | DV14: 0 | DW14: 0 | DX14: 1 | DY14: 1 | DZ14: 0 | EA14: 0 | EB14: 0 | EC14: 0 | ED14: 1 | EE14: 0 | EF14: 0 | EG14: 0 | EH14: 1 | EI14: 0 | EJ14: 0 | EK14: 0 | EL14: 1 | EM14: 0 | EN14: 0 | EO14: 0 | EP14: 1 | EQ14: D | ER14: D | ES14: A | ET14: C | EU14: C | EV14: D | EW14: A | EX14: A | EY14: C | EZ14: B | FA14: D | FB14: D | FC14: B | FD14: B | FE14: C | FF14: C | FG14: D | FH14: B | FI14: A | FJ14: A | FK14: A | FL14: C | FM14: B | FN14: B | FO14: B | FP14: A | FQ14: A | FR14: C | FS14: C | FT14: D | FU14: C | FV14: D | FW14: A | FX14: D | FY14: B | FZ14: C | GA14: A | GB14: D | GC14: A | GD14: A | GE14: A | GF14: C | GG14: B | GH14: A | GI14: D | GJ14: C | GK14: A | GL14: C | GM14: A | GN14: A | GO14: B | GP14: C | GQ14: C | GR14: B | GS14: B | GT14: C | GU14: C | GV14: B | GW14: B | GX14: A | GY14: B | GZ14: C | HA14: B | HB14: D | HC14: B | HD14: A | HE14: B | HF14: A | HG14: D | HH14: A | HI14: C | HJ14: B | HK14: A | HL14: B | HM14: C | HN14: B | HO14: A | HP14: C | HQ14: C | HR14: G | HS14: A | HT14: C | HU14: D | HV14: E | HW14: B | HX14: B | HY14: B | HZ14: B | IA14: B | IB14: A | IC14: A | ID14: B | IE14: B | IF14: A | IG14: A | IH14: A | II14: C | IJ14: C | IK14: B | IL14: B | IM14: C | IN14: A | IO14: B | IP14: A | IQ14: B | IR14: C | IS14: C | IT14: A | IU14: A | IV14: C | IW14: C | IX14: C | IY14: A | IZ14: C | JA14: A | JB14: A | JC14: B | JD14: B | JE14: C | JG14: B | JH14: C | JI14: B | JJ14: D | JK14: C | JL14: B | JM14: C | JN14: C | JO14: C | JP14: C | JT14: D
A15: cerro tofeme monteria 2da sesiÃ³n [4077] | D15: CAUSIL RAMOS SANTIAGO DAVID | E15: 5803 | G15: 37.0 | H15: 134.0 | I15: 27.6 | J15: mar. 14 2026 09:31 a.Â m. | K15: mar. 14 2026 09:35 a.Â m. | M15: 0 | N15: 0 | O15: 0 | P15: 0 | Q15: 0 | R15: 0 | S15: 0 | T15: 0 | U15: 0 | V15: 0 | W15: 0 | X15: 0 | Y15: 0 | Z15: 0 | AA15: 0 | AB15: 0 | AC15: 0 | AD15: 0 | AE15: 1 | AF15: 0 | AG15: 1 | AH15: 0 | AI15: 1 | AJ15: 0 | AK15: 0 | AL15: 0 | AM15: 1 | AN15: 1 | AO15: 1 | AP15: 0 | AQ15: 0 | AR15: 1 | AS15: 0 | AT15: 0 | AU15: 0 | AV15: 1 | AW15: 0 | AX15: 0 | AY15: 0 | AZ15: 0 | BA15: 0 | BB15: 0 | BC15: 0 | BD15: 0 | BE15: 1 | BF15: 0 | BG15: 0 | BH15: 0 | BI15: 0 | BJ15: 0 | BK15: 0 | BL15: 0 | BM15: 0 | BN15: 0 | BO15: 0 | BP15: 0 | BQ15: 1 | BR15: 1 | BS15: 1 | BT15: 0 | BU15: 0 | BV15: 1 | BW15: 0 | BX15: 1 | BY15: 1 | BZ15: 0 | CA15: 0 | CB15: 0 | CC15: 1 | CD15: 0 | CE15: 0 | CF15: 0 | CG15: 0 | CH15: 0 | CI15: 0 | CJ15: 1 | CK15: 0 | CL15: 0 | CM15: 0 | CN15: 0 | CO15: 0 | CP15: 0 | CQ15: 0 | CR15: 0 | CS15: 1 | CT15: 0 | CU15: 0 | CV15: 0 | CW15: 1 | CX15: 1 | CY15: 0 | CZ15: 0 | DA15: 0 | DB15: 0 | DC15: 1 | DD15: 0 | DE15: 0 | DF15: 1 | DG15: 0 | DH15: 1 | DI15: 1 | DJ15: 0 | DK15: 1 | DL15: 0 | DM15: 1 | DN15: 0 | DO15: 1 | DP15: 0 | DQ15: 0 | DR15: 1 | DS15: 1 | DT15: 0 | DU15: 1 | DV15: 0 | DW15: 0 | DX15: 0 | DY15: 1 | DZ15: 0 | EA15: 0 | EB15: 0 | EC15: 0 | ED15: 0 | EE15: 0 | EF15: 0 | EG15: 1 | EH15: 1 | EI15: 0 | EJ15: 0 | EK15: 1 | EL15: 1 | EM15: 0 | EN15: 1 | EO15: 1 | EP15: 0 | EQ15: B | ER15: D | ES15: A | ET15: A | EU15: A | EV15: B | EW15: A | EX15: B | EY15: B | EZ15: B | FA15: C | FB15: C | FC15: A | FD15: C | FE15: D | FF15: A | FG15: D | FH15: A | FI15: A | FJ15: C | FK15: C | FL15: D | FM15: B | FN15: A | FO15: A | FP15: B | FQ15: A | FR15: B | FS15: C | FT15: D | FU15: C | FV15: C | FW15: B | FX15: D | FY15: B | FZ15: C | GB15: D | GC15: A | GD15: C | GE15: D | GF15: A | GG15: B | GH15: B | GI15: C | GJ15: A | GK15: C | GL15: B | GM15: A | GN15: A | GO15: A | GP15: B | GQ15: B | GR15: C | GS15: D | GT15: A | GU15: B | GV15: B | GW15: C | GX15: A | GY15: B | GZ15: C | HA15: B | HB15: C | HC15: A | HD15: A | HE15: C | HF15: B | HG15: B | HH15: A | HI15: B | HJ15: A | HK15: C | HL15: D | HM15: D | HN15: A | HO15: D | HP15: B | HQ15: A | HR15: D | HS15: B | HT15: D | HU15: C | HV15: A | HW15: B | HX15: C | HY15: C | HZ15: B | IA15: B | IB15: C | IC15: C | ID15: C | IE15: B | IF15: C | IG15: A | IH15: B | II15: A | IJ15: C | IK15: B | IL15: C | IM15: B | IN15: A | IO15: B | IP15: B | IQ15: C | IR15: A | IS15: B | IT15: A | IU15: C | IV15: C | IW15: B | IX15: B | IY15: C | IZ15: C | JA15: A | JB15: B | JC15: B | JD15: B | JE15: C | JF15: C | JG15: A | JH15: D | JI15: B | JJ15: C | JK15: B | JL15: B | JM15: D | JN15: A | JO15: B | JP15: C | JQ15: C | JR15: A | JS15: B | JT15: B
A16: cerro tofeme monteria 2da sesiÃ³n [4077] | D16: CHAMORRO ARTEAGA JUAN DAVID | E16: 5804 | G16: 33.0 | H16: 134.0 | I16: 24.6 | J16: mar. 14 2026 09:31 a.Â m. | K16: mar. 14 2026 09:35 a.Â m. | M16: 0 | N16: 0 | O16: 0 | P16: 0 | Q16: 0 | R16: 0 | S16: 0 | T16: 0 | U16: 0 | V16: 0 | W16: 1 | X16: 0 | Y16: 0 | Z16: 0 | AA16: 1 | AB16: 1 | AC16: 0 | AD16: 1 | AE16: 1 | AF16: 1 | AG16: 1 | AH16: 0 | AI16: 0 | AJ16: 0 | AK16: 0 | AL16: 0 | AM16: 0 | AN16: 1 | AO16: 1 | AP16: 0 | AQ16: 1 | AR16: 0 | AS16: 1 | AT16: 0 | AU16: 0 | AV16: 1 | AW16: 0 | AX16: 1 | AY16: 1 | AZ16: 0 | BA16: 0 | BB16: 0 | BC16: 0 | BD16: 0 | BE16: 0 | BF16: 1 | BG16: 0 | BH16: 0 | BI16: 0 | BJ16: 0 | BK16: 1 | BL16: 1 | BM16: 0 | BN16: 0 | BO16: 1 | BP16: 0 | BQ16: 0 | BR16: 0 | BS16: 0 | BT16: 0 | BU16: 0 | BV16: 0 | BW16: 0 | BX16: 0 | BY16: 0 | BZ16: 0 | CA16: 0 | CB16: 0 | CC16: 0 | CD16: 1 | CE16: 0 | CF16: 0 | CG16: 0 | CH16: 0 | CI16: 0 | CJ16: 1 | CK16: 0 | CL16: 1 | CM16: 0 | CN16: 0 | CO16: 0 | CP16: 1 | CQ16: 0 | CR16: 0 | CS16: 1 | CT16: 0 | CU16: 0 | CV16: 0 | CW16: 1 | CX16: 0 | CY16: 0 | CZ16: 1 | DA16: 0 | DB16: 0 | DC16: 0 | DD16: 0 | DE16: 1 | DF16: 1 | DG16: 0 | DH16: 0 | DI16: 0 | DJ16: 0 | DK16: 1 | DL16: 0 | DM16: 0 | DN16: 1 | DO16: 1 | DP16: 0 | DQ16: 0 | DR16: 0 | DS16: 0 | DT16: 0 | DU16: 0 | DV16: 0 | DW16: 0 | DX16: 0 | DY16: 0 | DZ16: 0 | EA16: 0 | EB16: 0 | EC16: 0 | ED16: 0 | EE16: 0 | EF16: 0 | EG16: 1 | EH16: 0 | EI16: 0 | EJ16: 0 | EK16: 1 | EL16: 0 | EM16: 0 | EN16: 0 | EO16: 1 | EP16: 0 | EQ16: C | ER16: D | ES16: D | ET16: B | EU16: C | EV16: D | EW16: A | EX16: B | EY16: B | EZ16: B | FA16: D | FB16: D | FC16: B | FD16: B | FE16: C | FF16: B | FG16: B | FH16: B | FI16: A | FJ16: A | FK16: C | FL16: C | FM16: C | FN16: A | FO16: B | FP16: C | FQ16: C | FR16: B | FS16: C | FT16: A | FU16: B | FV16: D | FW16: C | FX16: B | FY16: B | FZ16: C | GA16: D | GB16: C | GC16: C | GD16: A | GE16: C | GF16: B | GG16: D | GH16: B | GI16: A | GJ16: B | GK16: C | GL16: A | GM16: A | GN16: D | GO16: B | GP16: D | GQ16: A | GR16: C | GS16: B | GT16: B | GU16: C | GV16: A | GW16: B | GX16: B | GY16: B | GZ16: B | HA16: C | HB16: A | HC16: B | HD16: B | HE16: C | HF16: A | HG16: D | HH16: B | HI16: C | HJ16: C | HK16: A | HL16: B | HM16: C | HN16: A | HO16: D | HP16: C | HQ16: D | HR16: E | HS16: AF | HT16: C | HU16: BD | HV16: A | HW16: B | HX16: C | HY16: A | HZ16: B | IA16: B | IB16: A | IC16: C | ID16: A | IE16: B | IF16: A | IG16: B | IH16: B | II16: B | IJ16: C | IK16: A | IL16: B | IM16: A | IN16: B | IO16: B | IP16: C | IQ16: A | IR16: C | IS16: B | IT16: A | IU16: B | IV16: A | IW16: C | IX16: A | IY16: B | IZ16: C | JA16: B | JB16: C | JC16: A | JD16: B | JE16: A | JF16: A | JG16: B | JH16: A | JI16: B | JJ16: C | JK16: B | JL16: D | JM16: C | JN16: A | JO16: B | JP16: B | JQ16: A | JR16: C | JS16: B | JT16: B
A17: cerro tofeme monteria 2da sesiÃ³n [4077] | D17: FLOREZ HERNANDEZ BRAYAN ANDRES | E17: 5805 | G17: 46.0 | H17: 134.0 | I17: 34.3 | J17: mar. 14 2026 09:31 a.Â m. | K17: mar. 14 2026 09:35 a.Â m. | M17: 0 | N17: 0 | O17: 0 | P17: 0 | Q17: 0 | R17: 0 | S17: 0 | T17: 1 | U17: 1 | V17: 0 | W17: 0 | X17: 0 | Y17: 1 | Z17: 0 | AA17: 0 | AB17: 0 | AC17: 0 | AD17: 0 | AE17: 1 | AF17: 0 | AG17: 1 | AH17: 0 | AI17: 1 | AJ17: 0 | AK17: 1 | AL17: 1 | AM17: 1 | AN17: 0 | AO17: 1 | AP17: 0 | AQ17: 0 | AR17: 0 | AS17: 1 | AT17: 0 | AU17: 0 | AV17: 0 | AW17: 0 | AX17: 1 | AY17: 0 | AZ17: 1 | BA17: 0 | BB17: 0 | BC17: 0 | BD17: 1 | BE17: 0 | BF17: 0 | BG17: 0 | BH17: 0 | BI17: 0 | BJ17: 0 | BK17: 0 | BL17: 0 | BM17: 1 | BN17: 0 | BO17: 1 | BP17: 0 | BQ17: 1 | BR17: 1 | BS17: 0 | BT17: 1 | BU17: 1 | BV17: 0 | BW17: 0 | BX17: 0 | BY17: 0 | BZ17: 0 | CA17: 0 | CB17: 0 | CC17: 1 | CD17: 1 | CE17: 0 | CF17: 0 | CG17: 0 | CH17: 1 | CI17: 0 | CJ17: 1 | CK17: 0 | CL17: 0 | CM17: 1 | CN17: 1 | CO17: 1 | CP17: 1 | CQ17: 0 | CR17: 0 | CS17: 1 | CT17: 0 | CU17: 0 | CV17: 0 | CW17: 1 | CX17: 0 | CY17: 0 | CZ17: 0 | DA17: 0 | DB17: 0 | DC17: 0 | DD17: 1 | DE17: 0 | DF17: 1 | DG17: 0 | DH17: 1 | DI17: 0 | DJ17: 0 | DK17: 0 | DL17: 1 | DM17: 1 | DN17: 1 | DO17: 0 | DP17: 1 | DQ17: 1 | DR17: 1 | DS17: 0 | DT17: 0 | DU17: 1 | DV17: 1 | DW17: 0 | DX17: 1 | DY17: 1 | DZ17: 0 | EA17: 0 | EB17: 0 | EC17: 0 | ED17: 1 | EE17: 0 | EF17: 0 | EG17: 0 | EH17: 0 | EI17: 0 | EJ17: 0 | EK17: 1 | EL17: 0 | EM17: 0 | EN17: 0 | EO17: 1 | EP17: 0 | EQ17: B | ER17: A | ES17: A | ET17: D | EU17: C | EV17: B | EW17: C | EX17: C | EY17: C | EZ17: C | FA17: B | FB17: D | FC17: D | FD17: C | FE17: B | FF17: A | FG17: B | FH17: D | FI17: A | FJ17: B | FK17: C | FL17: C | FM17: B | FN17: B | FO17: C | FP17: A | FQ17: A | FR17: D | FS17: C | FT17: A | FU17: C | FV17: B | FW17: C | FX17: D | FY17: B | FZ17: D | GA17: D | GB17: C | GC17: A | GD17: D | GE17: A | GF17: B | GG17: B | GH17: A | GI17: A | GJ17: A | GK17: A | GL17: B | GM17: D | GN17: A | GO17: C | GP17: B | GQ17: C | GR17: D | GS17: B | GT17: A | GU17: B | GV17: B | GW17: B | GX17: C | GY17: A | GZ17: D | HA17: B | HB17: A | HC17: C | HD17: A | HE17: C | HF17: B | HG17: B | HH17: B | HI17: D | HJ17: A | HK17: C | HL17: A | HM17: B | HN17: A | HO17: D | HP17: A | HQ17: B | HR17: B | HS17: A | HT17: C | HU17: D | HV17: E | HW17: B | HX17: C | HY17: C | HZ17: B | IA17: B | IB17: A | IC17: C | ID17: B | IE17: B | IF17: A | IG17: C | IH17: A | II17: A | IJ17: C | IK17: A | IL17: C | IM17: A | IN17: A | IO17: A | IP17: A | IQ17: C | IR17: C | IS17: A | IT17: B | IU17: A | IV17: C | IW17: C | IX17: B | IY17: C | IZ17: A | JA17: A | JB17: A | JC17: B | JD17: B | JE17: A | JF17: A | JG17: B | JH17: C | JI17: A | JJ17: D | JK17: A | JL17: AC | JM17: C | JN17: C | JO17: B | JP17: B | JS17: B
A18: cerro tofeme monteria 2da sesiÃ³n [4077] | D18: LOZANO BENITEZ HECTOR DAVID | E18: 5806 | G18: 40.0 | H18: 134.0 | I18: 29.9 | J18: mar. 14 2026 09:31 a.Â m. | K18: mar. 14 2026 09:35 a.Â m. | M18: 1 | N18: 0 | O18: 1 | P18: 0 | Q18: 0 | R18: 0 | S18: 0 | T18: 0 | U18: 0 | V18: 0 | W18: 0 | X18: 0 | Y18: 0 | Z18: 0 | AA18: 0 | AB18: 0 | AC18: 0 | AD18: 0 | AE18: 0 | AF18: 0 | AG18: 0 | AH18: 0 | AI18: 0 | AJ18: 0 | AK18: 1 | AL18: 1 | AM18: 0 | AN18: 0 | AO18: 1 | AP18: 0 | AQ18: 0 | AR18: 0 | AS18: 1 | AT18: 0 | AU18: 0 | AV18: 0 | AW18: 1 | AX18: 1 | AY18: 0 | AZ18: 0 | BA18: 0 | BB18: 0 | BC18: 0 | BD18: 0 | BE18: 0 | BF18: 0 | BG18: 0 | BH18: 0 | BI18: 1 | BJ18: 0 | BK18: 1 | BL18: 0 | BM18: 1 | BN18: 0 | BO18: 0 | BP18: 0 | BQ18: 1 | BR18: 0 | BS18: 1 | BT18: 0 | BU18: 0 | BV18: 1 | BW18: 0 | BX18: 0 | BY18: 0 | BZ18: 0 | CA18: 0 | CB18: 1 | CC18: 1 | CD18: 1 | CE18: 1 | CF18: 1 | CG18: 1 | CH18: 0 | CI18: 1 | CJ18: 0 | CK18: 0 | CL18: 0 | CM18: 1 | CN18: 0 | CO18: 0 | CP18: 0 | CQ18: 0 | CR18: 0 | CS18: 1 | CT18: 0 | CU18: 0 | CV18: 1 | CW18: 1 | CX18: 0 | CY18: 1 | CZ18: 0 | DA18: 0 | DB18: 0 | DC18: 0 | DD18: 0 | DE18: 1 | DF18: 0 | DG18: 0 | DH18: 1 | DI18: 1 | DJ18: 0 | DK18: 0 | DL18: 1 | DM18: 0 | DN18: 0 | DO18: 0 | DP18: 1 | DQ18: 0 | DR18: 0 | DS18: 0 | DT18: 0 | DU18: 1 | DV18: 1 | DW18: 1 | DX18: 1 | DY18: 0 | DZ18: 0 | EA18: 0 | EB18: 0 | EC18: 0 | ED18: 1 | EE18: 0 | EF18: 0 | EG18: 0 | EH18: 0 | EI18: 0 | EJ18: 0 | EK18: 0 | EL18: 0 | EM18: 1 | EN18: 1 | EO18: 1 | EP18: 1 | EQ18: A | ER18: A | ES18: B | ET18: D | EU18: A | EV18: D | EW18: C | EX18: A | EY18: D | EZ18: B | FA18: A | FB18: D | FC18: C | FD18: B | FE18: A | FF18: C | FG18: D | FH18: A | FI18: B | FJ18: C | FK18: D | FL18: A | FM18: A | FN18: B | FO18: C | FP18: A | FQ18: C | FR18: A | FS18: C | FT18: A | FU18: D | FV18: B | FW18: C | FX18: B | FY18: B | FZ18: D | GA18: B | GB18: C | GC18: A | GD18: A | GE18: A | GF18: D | GG18: B | GH18: B | GI18: B | GJ18: D | GK18: B | GL18: B | GM18: C | GN18: A | GO18: B | GP18: B | GQ18: C | GR18: A | GS18: D | GT18: B | GU18: B | GV18: C | GW18: C | GX18: D | GY18: B | GZ18: C | HA18: B | HB18: A | HC18: C | HD18: B | HE18: C | HF18: C | HG18: B | HH18: B | HI18: A | HJ18: B | HK18: B | HL18: D | HM18: A | HN18: C | HO18: B | HP18: B | HQ18: B | HR18: C | HS18: F | HT18: D | HU18: B | HV18: A | HW18: B | HX18: C | HY18: C | HZ18: A | IA18: B | IB18: A | IC18: B | ID18: B | IE18: B | IF18: C | IH18: C | II18: B | IJ18: B | IK18: A | IL18: C | IM18: B | IN18: B | IO18: A | IP18: A | IQ18: A | IR18: B | IS18: A | IT18: B | IU18: C | IV18: B | IW18: A | IX18: A | IY18: C | IZ18: A | JA18: C | JB18: A | JC18: C | JD18: C | JE18: A | JF18: C | JG18: A | JH18: C | JI18: B | JJ18: C | JK18: A | JL18: C | JM18: B | JN18: B | JO18: C | JP18: B | JQ18: D | JR18: A | JS18: B | JT18: D
A19: cerro tofeme monteria 2da sesiÃ³n [4077] | D19: MACHADO CARVAJAL YANDRI VANESSA | E19: 5807 | G19: 49.0 | H19: 134.0 | I19: 36.6 | J19: mar. 14 2026 09:31 a.Â m. | K19: mar. 14 2026 09:35 a.Â m. | M19: 1 | N19: 0 | O19: 1 | P19: 1 | Q19: 0 | R19: 0 | S19: 1 | T19: 0 | U19: 1 | V19: 0 | W19: 0 | X19: 0 | Y19: 0 | Z19: 0 | AA19: 0 | AB19: 0 | AC19: 1 | AD19: 0 | AE19: 0 | AF19: 1 | AG19: 1 | AH19: 0 | AI19: 1 | AJ19: 0 | AK19: 1 | AL19: 0 | AM19: 0 | AN19: 0 | AO19: 1 | AP19: 1 | AQ19: 0 | AR19: 1 | AS19: 0 | AT19: 0 | AU19: 1 | AV19: 1 | AW19: 0 | AX19: 1 | AY19: 1 | AZ19: 0 | BA19: 0 | BB19: 0 | BC19: 0 | BD19: 1 | BE19: 0 | BF19: 0 | BG19: 0 | BH19: 1 | BI19: 0 | BJ19: 1 | BK19: 1 | BL19: 0 | BM19: 0 | BN19: 1 | BO19: 0 | BP19: 1 | BQ19: 1 | BR19: 0 | BS19: 0 | BT19: 0 | BU19: 0 | BV19: 0 | BW19: 1 | BX19: 1 | BY19: 0 | BZ19: 0 | CA19: 1 | CB19: 0 | CC19: 0 | CD19: 1 | CE19: 0 | CF19: 0 | CG19: 0 | CH19: 0 | CI19: 1 | CJ19: 0 | CK19: 0 | CL19: 1 | CM19: 0 | CN19: 1 | CO19: 1 | CP19: 1 | CQ19: 0 | CR19: 0 | CS19: 1 | CT19: 0 | CU19: 0 | CV19: 0 | CW19: 1 | CX19: 0 | CY19: 0 | CZ19: 0 | DA19: 0 | DB19: 0 | DC19: 0 | DD19: 0 | DE19: 1 | DF19: 1 | DG19: 0 | DH19: 1 | DI19: 1 | DJ19: 0 | DK19: 0 | DL19: 0 | DM19: 1 | DN19: 0 | DO19: 0 | DP19: 0 | DQ19: 0 | DR19: 0 | DS19: 0 | DT19: 0 | DU19: 1 | DV19: 1 | DW19: 0 | DX19: 1 | DY19: 1 | DZ19: 0 | EA19: 0 | EB19: 0 | EC19: 0 | ED19: 1 | EE19: 1 | EF19: 0 | EG19: 0 | EH19: 0 | EI19: 0 | EJ19: 1 | EK19: 0 | EL19: 1 | EM19: 0 | EN19: 0 | EO19: 0 | EP19: 1 | EQ19: A | ER19: B | ES19: B | ET19: C | EU19: C | EV19: D | EW19: D | EX19: B | EY19: C | EZ19: D | FA19: C | FB19: C | FC19: A | FD19: B | FE19: B | FF19: A | FG19: C | FH19: D | FI19: B | FJ19: A | FK19: C | FL19: D | FM19: B | FN19: A | FO19: C | FP19: B | FQ19: D | FR19: A | FS19: C | FT19: B | FU19: D | FV19: C | FW19: A | FX19: D | FY19: C | FZ19: C | GA19: A | GB19: C | GC19: C | GD19: B | GE19: A | GF19: D | GG19: D | GH19: A | GI19: A | GJ19: A | GK19: B | GL19: C | GM19: D | GN19: B | GO19: B | GP19: C | GQ19: A | GR19: B | GS19: C | GT19: C | GU19: B | GV19: D | GW19: A | GX19: B | GY19: B | GZ19: B | HA19: A | HB19: C | HC19: B | HD19: A | HE19: D | HF19: B | HG19: C | HH19: B | HI19: D | HJ19: A | HK19: C | HL19: D | HM19: A | HN19: C | HO19: A | HP19: C | HQ19: C | HR19: B | HS19: A | HT19: C | HU19: D | HV19: E | HW19: B | HX19: C | HY19: C | HZ19: B | IA19: B | IB19: A | IC19: A | ID19: C | IE19: A | IF19: A | IG19: B | IH19: B | II19: B | IJ19: C | IK19: B | IL19: C | IM19: B | IN19: A | IO19: A | IP19: B | IQ19: C | IR19: B | IS19: C | IT19: A | IU19: C | IV19: B | IW19: C | IX19: A | IY19: C | IZ19: A | JA19: B | JB19: A | JC19: B | JD19: B | JE19: C | JF19: A | JG19: A | JH19: C | JI19: C | JJ19: B | JK19: D | JL19: D | JM19: B | JN19: D | JO19: C | JP19: C | JQ19: C | JR19: B | JS19: D | JT19: D
A20: cerro tofeme monteria 2da sesiÃ³n [4077] | D20: MARTINEZ CAUCIL SARETH MILENA | E20: 5808 | G20: 38.0 | H20: 134.0 | I20: 28.4 | J20: mar. 14 2026 09:31 a.Â m. | K20: mar. 14 2026 09:35 a.Â m. | M20: 1 | N20: 0 | O20: 0 | P20: 1 | Q20: 0 | R20: 0 | S20: 1 | T20: 0 | U20: 0 | V20: 0 | W20: 1 | X20: 0 | Y20: 0 | Z20: 0 | AA20: 0 | AB20: 0 | AC20: 0 | AD20: 0 | AE20: 1 | AF20: 1 | AG20: 0 | AH20: 0 | AI20: 1 | AJ20: 0 | AK20: 0 | AL20: 0 | AM20: 1 | AN20: 0 | AO20: 0 | AP20: 0 | AQ20: 0 | AR20: 1 | AS20: 0 | AT20: 0 | AU20: 0 | AV20: 0 | AW20: 0 | AX20: 1 | AY20: 0 | AZ20: 0 | BA20: 1 | BB20: 0 | BC20: 0 | BD20: 0 | BE20: 0 | BF20: 0 | BG20: 0 | BH20: 0 | BI20: 0 | BJ20: 0 | BK20: 0 | BL20: 1 | BM20: 0 | BN20: 1 | BO20: 1 | BP20: 0 | BQ20: 0 | BR20: 0 | BS20: 0 | BT20: 0 | BU20: 0 | BV20: 1 | BW20: 0 | BX20: 0 | BY20: 1 | BZ20: 1 | CA20: 0 | CB20: 0 | CC20: 1 | CD20: 0 | CE20: 0 | CF20: 0 | CG20: 1 | CH20: 0 | CI20: 0 | CJ20: 0 | CK20: 0 | CL20: 0 | CM20: 0 | CN20: 1 | CO20: 1 | CP20: 0 | CQ20: 0 | CR20: 0 | CS20: 1 | CT20: 0 | CU20: 0 | CV20: 1 | CW20: 1 | CX20: 0 | CY20: 1 | CZ20: 0 | DA20: 0 | DB20: 0 | DC20: 0 | DD20: 1 | DE20: 0 | DF20: 0 | DG20: 0 | DH20: 0 | DI20: 0 | DJ20: 0 | DK20: 0 | DL20: 1 | DM20: 0 | DN20: 0 | DO20: 0 | DP20: 0 | DQ20: 0 | DR20: 1 | DS20: 1 | DT20: 0 | DU20: 0 | DV20: 1 | DW20: 0 | DX20: 1 | DY20: 1 | DZ20: 0 | EA20: 0 | EB20: 0 | EC20: 0 | ED20: 0 | EE20: 0 | EF20: 0 | EG20: 1 | EH20: 1 | EI20: 1 | EJ20: 0 | EK20: 1 | EL20: 1 | EM20: 0 | EN20: 0 | EO20: 1 | EP20: 0 | EQ20: A | ER20: B | ES20: C | ET20: C | EU20: C | EV20: D | EW20: D | EX20: B | EY20: B | EZ20: C | FA20: D | FB20: B | FC20: C | FD20: B | FE20: D | FF20: A | FG20: D | FH20: A | FI20: A | FJ20: A | FK20: A | FL20: D | FM20: B | FN20: C | FO20: D | FP20: B | FQ20: A | FR20: C | FS20: A | FT20: A | FU20: D | FV20: C | FW20: B | FX20: A | FY20: B | FZ20: D | GA20: A | GB20: C | GC20: A | GD20: A | GE20: B | GF20: B | GG20: B | GH20: D | GI20: B | GJ20: C | GK20: C | GL20: A | GM20: A | GN20: D | GO20: A | GP20: D | GQ20: B | GR20: B | GS20: B | GT20: A | GU20: A | GV20: C | GW20: D | GX20: B | GY20: B | GZ20: C | HA20: D | HB20: B | HC20: A | HD20: D | HE20: C | HF20: B | HG20: B | HH20: A | HJ20: A | HK20: B | HL20: D | HM20: B | HN20: B | HO20: A | HP20: D | HQ20: A | HR20: B | HS20: A | HT20: E | HU20: D | HV20: C | HW20: B | HX20: B | HY20: C | HZ20: A | IA20: B | IB20: B | IC20: B | ID20: B | IE20: B | IF20: A | IG20: C | IH20: A | II20: C | IJ20: A | IK20: B | IL20: B | IM20: C | IN20: B | IO20: C | IP20: A | IQ20: B | IR20: A | IS20: A | IT20: A | IU20: B | IV20: C | IW20: B | IX20: B | IY20: B | IZ20: A | JA20: A | JB20: A | JC20: B | JD20: B | JE20: C | JF20: D | JG20: C | JH20: D | JI20: A | JJ20: D | JK20: B | JL20: B | JM20: A | JN20: C | JO20: B | JP20: C | JQ20: A | JR20: B | JS20: B | JT20: C
A21: cerro tofeme monteria 2da sesiÃ³n [4077] | D21: MERCADO RAMOS DANIELA SOFIA | E21: 5810 | G21: 38.0 | H21: 134.0 | I21: 28.4 | J21: mar. 14 2026 09:31 a.Â m. | K21: mar. 14 2026 09:35 a.Â m. | M21: 1 | N21: 0 | O21: 0 | P21: 1 | Q21: 0 | R21: 0 | S21: 0 | T21: 1 | U21: 0 | V21: 0 | W21: 1 | X21: 0 | Y21: 1 | Z21: 0 | AA21: 1 | AB21: 0 | AC21: 1 | AD21: 1 | AE21: 0 | AF21: 1 | AG21: 0 | AH21: 0 | AI21: 1 | AJ21: 0 | AK21: 0 | AL21: 0 | AM21: 0 | AN21: 0 | AO21: 1 | AP21: 0 | AQ21: 0 | AR21: 0 | AS21: 0 | AT21: 1 | AU21: 0 | AV21: 1 | AW21: 0 | AX21: 1 | AY21: 0 | AZ21: 0 | BA21: 0 | BB21: 0 | BC21: 0 | BD21: 0 | BE21: 0 | BF21: 0 | BG21: 0 | BH21: 0 | BI21: 0 | BJ21: 0 | BK21: 0 | BL21: 0 | BM21: 1 | BN21: 1 | BO21: 0 | BP21: 0 | BQ21: 1 | BR21: 1 | BS21: 1 | BT21: 0 | BU21: 1 | BV21: 0 | BW21: 0 | BX21: 0 | BY21: 0 | BZ21: 1 | CA21: 0 | CB21: 0 | CC21: 0 | CD21: 0 | CE21: 0 | CF21: 0 | CG21: 0 | CH21: 0 | CI21: 0 | CJ21: 0 | CK21: 0 | CL21: 1 | CM21: 1 | CN21: 0 | CO21: 1 | CP21: 0 | CQ21: 0 | CR21: 0 | CS21: 1 | CT21: 1 | CU21: 0 | CV21: 0 | CW21: 0 | CX21: 0 | CY21: 0 | CZ21: 0 | DA21: 0 | DB21: 0 | DC21: 0 | DD21: 1 | DE21: 1 | DF21: 0 | DG21: 1 | DH21: 0 | DI21: 0 | DJ21: 1 | DK21: 0 | DL21: 0 | DM21: 1 | DN21: 0 | DO21: 0 | DP21: 0 | DQ21: 0 | DR21: 0 | DS21: 0 | DT21: 0 | DU21: 1 | DV21: 1 | DW21: 1 | DX21: 0 | DY21: 0 | DZ21: 1 | EA21: 1 | EB21: 0 | EC21: 0 | ED21: 1 | EE21: 0 | EF21: 0 | EG21: 0 | EH21: 1 | EI21: 0 | EJ21: 0 | EK21: 0 | EL21: 0 | EM21: 0 | EN21: 0 | EO21: 0 | EP21: 0 | EQ21: A | ER21: B | ES21: A | ET21: C | EU21: B | EV21: C | EW21: B | EX21: C | EY21: B | EZ21: C | FA21: D | FB21: D | FC21: D | FD21: B | FE21: C | FF21: C | FG21: C | FH21: B | FI21: C | FJ21: A | FK21: D | FL21: D | FM21: B | FN21: B | FO21: D | FP21: C | FQ21: B | FR21: C | FS21: C | FT21: D | FU21: D | FV21: B | FW21: D | FX21: C | FY21: A | FZ21: C | GA21: C | GB21: C | GC21: A | GD21: C | GE21: A | GF21: B | GG21: B | GH21: B | GI21: D | GJ21: A | GK21: B | GL21: A | GM21: B | GN21: A | GO21: C | GP21: C | GQ21: C | GR21: B | GS21: D | GT21: B | GU21: B | GV21: B | GW21: C | GX21: B | GY21: A | GZ21: A | HA21: B | HB21: D | HC21: B | HD21: D | HE21: C | HF21: A | HG21: D | HH21: A | HI21: D | HJ21: A | HK21: A | HL21: B | HM21: D | HN21: C | HO21: D | HP21: C | HQ21: B | HR21: A | HS21: A | HT21: E | HU21: C | HV21: B | HW21: B | HX21: A | HY21: C | HZ21: B | IA21: A | IB21: B | IC21: C | ID21: B | IE21: A | IF21: A | IG21: C | IH21: A | II21: B | IJ21: A | IK21: C | IL21: B | IM21: A | IN21: C | IO21: A | IP21: B | IQ21: C | IR21: A | IS21: C | IT21: A | IU21: B | IV21: A | IW21: C | IX21: B | IY21: C | IZ21: A | JA21: C | JB21: B | JC21: C | JD21: A | JE21: B | JF21: D | JG21: A | JH21: C | JI21: B | JJ21: D | JK21: A | JL21: B | JM21: C | JN21: B | JO21: D | JP21: A | JQ21: C | JR21: B | JS21: D | JT21: B
A22: cerro tofeme monteria 2da sesiÃ³n [4077] | D22: RAMOS MESTRA FABIAN DE JESUS | E22: 5811 | G22: 33.0 | H22: 134.0 | I22: 24.6 | J22: mar. 14 2026 09:31 a.Â m. | K22: mar. 14 2026 09:35 a.Â m. | M22: 0 | N22: 0 | O22: 0 | P22: 0 | Q22: 0 | R22: 0 | S22: 0 | T22: 0 | U22: 0 | V22: 0 | W22: 1 | X22: 0 | Y22: 1 | Z22: 0 | AA22: 1 | AB22: 1 | AC22: 0 | AD22: 0 | AE22: 0 | AF22: 0 | AG22: 1 | AH22: 1 | AI22: 1 | AJ22: 0 | AK22: 0 | AL22: 0 | AM22: 1 | AN22: 0 | AO22: 0 | AP22: 0 | AQ22: 0 | AR22: 0 | AS22: 0 | AT22: 1 | AU22: 0 | AV22: 0 | AW22: 0 | AX22: 1 | AY22: 1 | AZ22: 0 | BA22: 0 | BB22: 0 | BC22: 0 | BD22: 0 | BE22: 1 | BF22: 0 | BG22: 0 | BH22: 0 | BI22: 0 | BJ22: 0 | BK22: 0 | BL22: 0 | BM22: 0 | BN22: 1 | BO22: 0 | BP22: 0 | BQ22: 0 | BR22: 0 | BS22: 0 | BT22: 0 | BU22: 0 | BV22: 0 | BW22: 0 | BX22: 0 | BY22: 1 | BZ22: 0 | CA22: 0 | CB22: 1 | CC22: 0 | CD22: 1 | CE22: 0 | CF22: 1 | CG22: 0 | CH22: 1 | CI22: 0 | CJ22: 0 | CK22: 0 | CL22: 1 | CM22: 0 | CN22: 1 | CO22: 0 | CP22: 0 | CQ22: 0 | CR22: 0 | CS22: 1 | CT22: 1 | CU22: 0 | CV22: 0 | CW22: 1 | CX22: 0 | CY22: 0 | CZ22: 0 | DA22: 0 | DB22: 0 | DC22: 0 | DD22: 0 | DE22: 0 | DF22: 0 | DG22: 0 | DH22: 0 | DI22: 1 | DJ22: 0 | DK22: 1 | DL22: 0 | DM22: 0 | DN22: 0 | DO22: 1 | DP22: 1 | DQ22: 0 | DR22: 0 | DS22: 1 | DT22: 1 | DU22: 0 | DV22: 0 | DW22: 1 | DX22: 0 | DY22: 0 | DZ22: 0 | EA22: 1 | EB22: 0 | EC22: 0 | ED22: 0 | EE22: 1 | EF22: 0 | EG22: 1 | EH22: 0 | EI22: 0 | EJ22: 0 | EK22: 0 | EL22: 0 | EM22: 0 | EN22: 0 | EO22: 0 | EP22: 0 | EQ22: D | ER22: B | ES22: C | ET22: D | EU22: A | EV22: B | EW22: C | EX22: B | EY22: A | EZ22: C | FA22: D | FB22: C | FC22: D | FD22: B | FE22: C | FF22: B | FG22: D | FH22: A | FI22: B | FJ22: C | FK22: C | FL22: B | FM22: B | FN22: A | FO22: A | FP22: C | FQ22: A | FR22: C | FS22: D | FT22: D | FU22: D | FV22: D | FW22: B | FX22: C | FY22: D | FZ22: B | GA22: A | GB22: C | GC22: C | GD22: B | GE22: A | GF22: D | GG22: C | GH22: B | GI22: C | GJ22: D | GK22: B | GL22: D | GM22: D | GN22: A | GO22: C | GP22: C | GQ22: D | GR22: B | GS22: A | GT22: A | GU22: A | GV22: C | GW22: A | GX22: B | GY22: B | GZ22: B | HA22: C | HB22: B | HC22: A | HD22: B | HE22: B | HF22: C | HG22: A | HH22: B | HI22: D | HJ22: B | HK22: C | HL22: A | HM22: B | HN22: C | HO22: A | HP22: C | HQ22: A | HR22: B | HS22: E | HT22: F | HU22: B | HV22: D | HW22: B | HX22: A | HY22: C | HZ22: B | IA22: B | IB22: A | IC22: A | ID22: B | IE22: B | IF22: C | IG22: C | IH22: C | II22: C | IJ22: B | IK22: A | IL22: A | IM22: B | IN22: A | IO22: B | IP22: C | IQ22: B | IR22: A | IS22: B | IT22: B | IU22: B | IV22: A | IW22: B | IX22: C | IY22: A | IZ22: B | JA22: C | JB22: B | JC22: C | JD22: B | JE22: B | JF22: C | JG22: A | JH22: D | JI22: C | JJ22: D | JK22: B | JL22: C | JM22: B | JN22: C | JO22: A | JP22: B | JQ22: B | JR22: C | JS22: D | JT22: C
A23: cerro tofeme monteria 2da sesiÃ³n [4077] | D23: RAMOS RAMOS SEBASTIAN ANDRES | E23: 5812 | G23: 42.0 | H23: 134.0 | I23: 31.3 | J23: mar. 14 2026 09:31 a.Â m. | K23: mar. 14 2026 09:35 a.Â m. | M23: 0 | N23: 0 | O23: 0 | P23: 1 | Q23: 1 | R23: 1 | S23: 0 | T23: 1 | U23: 0 | V23: 1 | W23: 1 | X23: 0 | Y23: 0 | Z23: 0 | AA23: 0 | AB23: 0 | AC23: 0 | AD23: 0 | AE23: 1 | AF23: 1 | AG23: 1 | AH23: 0 | AI23: 1 | AJ23: 1 | AK23: 0 | AL23: 1 | AM23: 1 | AN23: 0 | AO23: 0 | AP23: 1 | AQ23: 0 | AR23: 0 | AS23: 1 | AT23: 0 | AU23: 0 | AV23: 0 | AW23: 0 | AX23: 0 | AY23: 1 | AZ23: 1 | BA23: 0 | BB23: 1 | BC23: 0 | BD23: 0 | BE23: 0 | BF23: 0 | BG23: 0 | BH23: 0 | BI23: 0 | BJ23: 0 | BK23: 0 | BL23: 0 | BM23: 0 | BN23: 0 | BO23: 1 | BP23: 0 | BQ23: 0 | BR23: 1 | BS23: 0 | BT23: 1 | BU23: 0 | BV23: 0 | BW23: 0 | BX23: 0 | BY23: 0 | BZ23: 0 | CA23: 0 | CB23: 0 | CC23: 0 | CD23: 1 | CE23: 0 | CF23: 0 | CG23: 0 | CH23: 1 | CI23: 0 | CJ23: 1 | CK23: 1 | CL23: 0 | CM23: 0 | CN23: 0 | CO23: 0 | CP23: 0 | CQ23: 0 | CR23: 0 | CS23: 1 | CT23: 1 | CU23: 1 | CV23: 0 | CW23: 0 | CX23: 1 | CY23: 0 | CZ23: 0 | DA23: 0 | DB23: 1 | DC23: 0 | DD23: 1 | DE23: 1 | DF23: 0 | DG23: 1 | DH23: 1 | DI23: 1 | DJ23: 0 | DK23: 1 | DL23: 0 | DM23: 0 | DN23: 0 | DO23: 0 | DP23: 1 | DQ23: 0 | DR23: 0 | DS23: 0 | DT23: 0 | DU23: 0 | DV23: 1 | DW23: 0 | DX23: 1 | DY23: 0 | DZ23: 0 | EA23: 0 | EB23: 1 | EC23: 0 | ED23: 0 | EE23: 1 | EF23: 0 | EG23: 0 | EH23: 0 | EI23: 0 | EJ23: 0 | EK23: 0 | EL23: 0 | EM23: 0 | EN23: 1 | EO23: 0 | EP23: 0 | EQ23: C | ER23: B | ES23: A | ET23: C | EU23: D | EV23: A | EW23: A | EX23: C | EY23: A | EZ23: A | FA23: D | FB23: D | FC23: B | FD23: B | FE23: B | FF23: C | FG23: B | FH23: A | FI23: A | FJ23: A | FK23: C | FL23: D | FM23: B | FN23: D | FO23: B | FP23: A | FQ23: A | FR23: C | FS23: B | FT23: B | FU23: D | FV23: B | FW23: C | FX23: D | FY23: A | FZ23: B | GA23: C | GB23: D | GC23: C | GD23: D | GE23: A | GF23: C | GG23: C | GH23: C | GI23: A | GJ23: A | GK23: C | GL23: D | GM23: B | GN23: A | GO23: C | GP23: C | GQ23: B | GR23: D | GS23: B | GT23: B | GU23: A | GV23: B | GW23: D | GX23: C | GY23: C | GZ23: B | HA23: C | HB23: A | HC23: C | HD23: A | HE23: C | HF23: B | HG23: A | HH23: B | HI23: C | HJ23: A | HK23: C | HL23: A | HM23: B | HN23: A | HO23: C | HP23: D | HQ23: A | HR23: C | HS23: B | HT23: F | HU23: D | HV23: E | HW23: B | HX23: A | HY23: B | HZ23: B | IA23: C | IB23: C | IC23: C | ID23: B | IE23: A | IF23: B | IG23: B | IH23: A | II23: B | IJ23: A | IK23: C | IL23: C | IM23: B | IN23: A | IO23: B | IP23: B | IQ23: B | IR23: A | IS23: C | IT23: B | IU23: C | IV23: B | IW23: C | IX23: A | IY23: B | IZ23: A | JA23: A | JB23: A | JC23: A | JD23: B | JE23: C | JF23: B | JG23: A | JH23: D | JI23: C | JJ23: B | JK23: C | JL23: C | JM23: D | JN23: B | JO23: D | JP23: A | JQ23: B | JR23: A | JS23: D | JT23: C
A24: cerro tofeme monteria 2da sesiÃ³n [4077] | D24: ALVAREZ MARQUEZ FRANK LUIS | E24: 6201 | G24: 46.0 | H24: 134.0 | I24: 34.3 | J24: mar. 14 2026 09:33 a.Â m. | K24: mar. 14 2026 09:35 a.Â m. | M24: 1 | N24: 0 | O24: 0 | P24: 0 | Q24: 0 | R24: 0 | S24: 0 | T24: 1 | U24: 0 | V24: 0 | W24: 0 | X24: 0 | Y24: 0 | Z24: 0 | AA24: 0 | AB24: 0 | AC24: 0 | AD24: 1 | AE24: 0 | AF24: 0 | AG24: 0 | AH24: 1 | AI24: 0 | AJ24: 0 | AK24: 0 | AL24: 1 | AM24: 1 | AN24: 1 | AO24: 0 | AP24: 0 | AQ24: 0 | AR24: 0 | AS24: 0 | AT24: 0 | AU24: 0 | AV24: 1 | AW24: 0 | AX24: 0 | AY24: 1 | AZ24: 0 | BA24: 0 | BB24: 0 | BC24: 1 | BD24: 0 | BE24: 1 | BF24: 1 | BG24: 0 | BH24: 1 | BI24: 0 | BJ24: 0 | BK24: 1 | BL24: 0 | BM24: 0 | BN24: 0 | BO24: 1 | BP24: 0 | BQ24: 0 | BR24: 0 | BS24: 0 | BT24: 1 | BU24: 0 | BV24: 0 | BW24: 0 | BX24: 1 | BY24: 0 | BZ24: 1 | CA24: 0 | CB24: 0 | CC24: 0 | CD24: 0 | CE24: 0 | CF24: 0 | CG24: 1 | CH24: 0 | CI24: 0 | CJ24: 1 | CK24: 1 | CL24: 0 | CM24: 1 | CN24: 1 | CO24: 1 | CP24: 1 | CQ24: 0 | CR24: 1 | CS24: 1 | CT24: 0 | CU24: 1 | CV24: 0 | CW24: 1 | CX24: 0 | CY24: 0 | CZ24: 1 | DA24: 0 | DB24: 1 | DC24: 1 | DD24: 0 | DE24: 0 | DF24: 0 | DG24: 0 | DH24: 0 | DI24: 1 | DJ24: 0 | DK24: 0 | DL24: 1 | DM24: 0 | DN24: 1 | DO24: 0 | DP24: 1 | DQ24: 1 | DR24: 1 | DS24: 1 | DT24: 0 | DU24: 1 | DV24: 1 | DW24: 0 | DX24: 0 | DY24: 1 | DZ24: 1 | EA24: 0 | EB24: 0 | EC24: 0 | ED24: 1 | EE24: 0 | EF24: 0 | EG24: 0 | EH24: 1 | EI24: 0 | EJ24: 0 | EK24: 0 | EL24: 0 | EM24: 0 | EN24: 0 | EO24: 1 | EP24: 0 | EQ24: A | ER24: B | ES24: D | ET24: B | EU24: C | EV24: B | EW24: A | EX24: C | EY24: D | EZ24: B | FA24: C | FB24: B | FC24: C | FD24: A | FE24: D | FF24: C | FG24: B | FH24: B | FI24: C | FJ24: D | FK24: B | FL24: B | FM24: C | FN24: A | FO24: D | FP24: A | FQ24: A | FR24: B | FS24: A | FT24: A | FU24: C | FV24: D | FW24: A | FX24: B | FY24: B | FZ24: C | GA24: D | GB24: D | GC24: C | GD24: B | GE24: D | GF24: B | GG24: A | GH24: B | GI24: C | GJ24: B | GK24: C | GL24: C | GM24: B | GN24: C | GO24: B | GP24: B | GQ24: B | GR24: C | GS24: B | GT24: B | GU24: C | GV24: A | GW24: D | GX24: C | GY24: C | GZ24: D | HA24: B | HB24: C | HC24: B | HD24: D | HE24: C | HF24: B | HG24: A | HH24: C | HI24: B | HJ24: C | HK24: B | HL24: B | HM24: C | HN24: A | HO24: C | HP24: A | HQ24: B | HR24: B | HS24: A | HT24: C | HU24: D | HV24: G | HW24: B | HX24: B | HY24: B | HZ24: B | IA24: B | IB24: A | IC24: A | ID24: A | IE24: B | IF24: B | IG24: A | IH24: B | II24: C | IJ24: A | IK24: B | IL24: B | IM24: B | IN24: A | IO24: A | IP24: A | IQ24: A | IR24: C | IS24: C | IT24: B | IU24: A | IV24: C | IW24: B | IX24: A | IY24: C | IZ24: A | JA24: A | JB24: C | JC24: B | JD24: A | JE24: C | JF24: C | JG24: B | JH24: C | JI24: B | JJ24: B | JK24: C | JL24: B | JM24: C | JN24: B | JO24: A | JP24: D | JQ24: A | JR24: C | JS24: B | JT24: C
A25: cerro tofeme monteria 2da sesiÃ³n [4077] | D25: BRAVO OVALLES KAMILA ANDREA | E25: 6203 | G25: 44.0 | H25: 134.0 | I25: 32.8 | J25: mar. 14 2026 09:33 a.Â m. | K25: mar. 14 2026 09:35 a.Â m. | M25: 1 | N25: 0 | O25: 0 | P25: 0 | Q25: 1 | R25: 1 | S25: 0 | T25: 1 | U25: 0 | V25: 0 | W25: 0 | X25: 1 | Y25: 1 | Z25: 0 | AA25: 0 | AB25: 1 | AC25: 0 | AD25: 0 | AE25: 1 | AF25: 1 | AG25: 1 | AH25: 0 | AI25: 0 | AJ25: 0 | AK25: 0 | AL25: 0 | AM25: 1 | AN25: 1 | AO25: 0 | AP25: 0 | AQ25: 0 | AR25: 0 | AS25: 0 | AT25: 0 | AU25: 0 | AV25: 0 | AW25: 0 | AX25: 1 | AY25: 1 | AZ25: 0 | BA25: 0 | BB25: 0 | BC25: 0 | BD25: 1 | BE25: 0 | BF25: 0 | BG25: 0 | BH25: 0 | BI25: 0 | BJ25: 0 | BK25: 0 | BL25: 0 | BM25: 0 | BN25: 0 | BO25: 0 | BP25: 0 | BQ25: 0 | BR25: 0 | BS25: 0 | BT25: 1 | BU25: 0 | BV25: 0 | BW25: 0 | BX25: 0 | BY25: 1 | BZ25: 0 | CA25: 0 | CB25: 0 | CC25: 0 | CD25: 1 | CE25: 0 | CF25: 0 | CG25: 1 | CH25: 1 | CI25: 0 | CJ25: 1 | CK25: 1 | CL25: 1 | CM25: 0 | CN25: 0 | CO25: 1 | CP25: 1 | CQ25: 0 | CR25: 0 | CS25: 1 | CT25: 0 | CU25: 0 | CV25: 1 | CW25: 1 | CX25: 0 | CY25: 0 | CZ25: 0 | DA25: 0 | DB25: 0 | DC25: 1 | DD25: 1 | DE25: 1 | DF25: 0 | DG25: 0 | DH25: 0 | DI25: 0 | DJ25: 1 | DK25: 0 | DL25: 1 | DM25: 0 | DN25: 0 | DO25: 0 | DP25: 0 | DQ25: 1 | DR25: 1 | DS25: 1 | DT25: 0 | DU25: 1 | DV25: 1 | DW25: 0 | DX25: 1 | DY25: 0 | DZ25: 1 | EA25: 0 | EB25: 1 | EC25: 0 | ED25: 0 | EE25: 1 | EF25: 0 | EG25: 1 | EH25: 0 | EI25: 0 | EJ25: 0 | EK25: 0 | EL25: 0 | EM25: 0 | EN25: 0 | EO25: 1 | EP25: 0 | EQ25: A | ER25: A | ES25: D | ET25: A | EU25: D | EV25: A | EW25: B | EX25: C | EY25: B | EZ25: B | FA25: A | FB25: A | FC25: D | FD25: C | FE25: B | FF25: B | FG25: A | FH25: A | FI25: A | FJ25: A | FK25: C | FL25: A | FM25: D | FN25: A | FO25: A | FP25: C | FQ25: A | FR25: B | FS25: D | FT25: A | FU25: C | FV25: B | FW25: D | FX25: B | FY25: B | FZ25: A | GA25: C | GB25: C | GC25: C | GD25: B | GE25: A | GF25: A | GG25: D | GH25: A | GI25: D | GJ25: A | GK25: A | GL25: A | GM25: A | GN25: A | GO25: A | GP25: B | GQ25: A | GR25: A | GS25: C | GT25: A | GU25: A | GV25: C | GW25: B | GX25: C | GY25: B | GZ25: D | HA25: B | HB25: A | HC25: A | HD25: A | HE25: A | HF25: A | HG25: A | HH25: B | HI25: B | HJ25: D | HK25: B | HL25: A | HM25: D | HN25: A | HO25: C | HP25: C | HQ25: C | HR25: G | HS25: A | HT25: C | HU25: B | HV25: E | HW25: B | HX25: B | HY25: A | HZ25: A | IA25: B | IB25: A | IC25: A | ID25: C | IE25: B | IF25: A | IG25: A | IH25: A | II25: B | IJ25: B | IK25: A | IL25: B | IM25: A | IN25: C | IO25: A | IP25: A | IQ25: B | IR25: B | IS25: A | IT25: A | IU25: A | IV25: C | IW25: B | IX25: A | IY25: C | IZ25: A | JA25: A | JB25: A | JC25: A | JD25: A | JE25: C | JF25: B | JG25: C | JH25: B | JI25: C | JJ25: C | JK25: B | JL25: D | JM25: C | JN25: B | JO25: C | JP25: B | JQ25: B | JR25: C | JS25: B | JT25: A
A26: cerro tofeme monteria 2da sesiÃ³n [4077] | D26: FLOREZ PEREIRA SARAY | E26: 6204 | G26: 44.0 | H26: 134.0 | I26: 32.8 | J26: mar. 14 2026 09:33 a.Â m. | K26: mar. 14 2026 09:35 a.Â m. | M26: 1 | N26: 0 | O26: 0 | P26: 1 | Q26: 1 | R26: 0 | S26: 0 | T26: 0 | U26: 0 | V26: 0 | W26: 0 | X26: 1 | Y26: 0 | Z26: 0 | AA26: 1 | AB26: 1 | AC26: 1 | AD26: 0 | AE26: 1 | AF26: 0 | AG26: 0 | AH26: 0 | AI26: 0 | AJ26: 0 | AK26: 0 | AL26: 1 | AM26: 1 | AN26: 1 | AO26: 1 | AP26: 0 | AQ26: 0 | AR26: 1 | AS26: 1 | AT26: 0 | AU26: 0 | AV26: 0 | AW26: 0 | AX26: 1 | AY26: 1 | AZ26: 0 | BA26: 0 | BB26: 0 | BC26: 0 | BD26: 1 | BE26: 0 | BF26: 0 | BG26: 0 | BH26: 0 | BI26: 1 | BJ26: 0 | BK26: 0 | BL26: 1 | BM26: 0 | BN26: 0 | BO26: 0 | BP26: 0 | BQ26: 0 | BR26: 0 | BS26: 1 | BT26: 1 | BU26: 0 | BV26: 0 | BW26: 0 | BX26: 1 | BY26: 1 | BZ26: 0 | CA26: 1 | CB26: 0 | CC26: 1 | CD26: 0 | CE26: 0 | CF26: 1 | CG26: 0 | CH26: 0 | CI26: 0 | CJ26: 1 | CK26: 1 | CL26: 0 | CM26: 0 | CN26: 0 | CO26: 1 | CP26: 1 | CQ26: 0 | CR26: 1 | CS26: 1 | CT26: 0 | CU26: 0 | CV26: 0 | CW26: 1 | CX26: 0 | CY26: 0 | CZ26: 0 | DA26: 0 | DB26: 0 | DC26: 0 | DD26: 0 | DE26: 0 | DF26: 0 | DG26: 1 | DH26: 1 | DI26: 1 | DJ26: 0 | DK26: 1 | DL26: 0 | DM26: 1 | DN26: 0 | DO26: 0 | DP26: 1 | DQ26: 0 | DR26: 1 | DS26: 1 | DT26: 0 | DU26: 0 | DV26: 0 | DW26: 0 | DX26: 0 | DY26: 1 | DZ26: 0 | EA26: 0 | EB26: 0 | EC26: 0 | ED26: 0 | EE26: 0 | EF26: 0 | EG26: 0 | EH26: 0 | EI26: 0 | EJ26: 0 | EK26: 1 | EL26: 1 | EM26: 0 | EN26: 0 | EO26: 0 | EP26: 0 | EQ26: A | ER26: A | ES26: D | ET26: C | EU26: D | EV26: B | EW26: A | EX26: A | EY26: D | EZ26: C | FA26: A | FB26: A | FC26: B | FD26: B | FE26: C | FF26: B | FG26: C | FH26: D | FI26: A | FJ26: C | FK26: B | FL26: D | FM26: C | FN26: B | FO26: D | FP26: A | FQ26: A | FR26: B | FS26: C | FT26: D | FU26: C | FV26: C | FW26: C | FX26: D | FY26: B | FZ26: A | GA26: D | GB26: C | GC26: C | GD26: B | GE26: A | GF26: D | GG26: B | GH26: A | GI26: A | GJ26: A | GK26: B | GL26: B | GM26: C | GN26: D | GO26: D | GP26: D | GQ26: B | GR26: A | GS26: A | GT26: A | GU26: D | GV26: C | GW26: C | GX26: C | GY26: B | GZ26: B | HA26: B | HB26: C | HC26: A | HD26: A | HE26: D | HF26: A | HG26: B | HH26: A | HI26: B | HJ26: B | HK26: A | HL26: D | HM26: B | HN26: A | HO26: C | HP26: A | HQ26: C | HR26: F | HS26: A | HT26: C | HU26: D | HV26: G | HW26: B | HX26: B | HY26: C | HZ26: B | IA26: B | IB26: B | IC26: C | ID26: C | IE26: B | IF26: C | IG26: B | IH26: B | II26: A | IJ26: B | IK26: C | IL26: C | IM26: B | IN26: A | IO26: B | IP26: B | IQ26: C | IR26: A | IS26: A | IT26: B | IU26: C | IV26: C | IW26: B | IX26: B | IY26: A | IZ26: C | JA26: A | JB26: B | JC26: B | JD26: B | JE26: C | JF26: C | JG26: C | JH26: D | JI26: A | JJ26: B | JK26: D | JL26: A | JM26: D | JN26: A | JO26: B | JP26: C | JQ26: B | JR26: C | JS26: D | JT26: C
A27: cerro tofeme monteria 2da sesiÃ³n [4077] | D27: MARQUEZ BARRAGAN DAIVER JOSE | E27: 6207 | G27: 35.0 | H27: 134.0 | I27: 26.1 | J27: mar. 14 2026 09:33 a.Â m. | K27: mar. 14 2026 09:35 a.Â m. | M27: 0 | N27: 0 | O27: 0 | P27: 0 | Q27: 0 | R27: 0 | S27: 0 | T27: 0 | U27: 1 | V27: 0 | W27: 0 | X27: 0 | Y27: 0 | Z27: 0 | AA27: 0 | AB27: 0 | AC27: 0 | AD27: 0 | AE27: 1 | AF27: 1 | AG27: 1 | AH27: 0 | AI27: 1 | AJ27: 0 | AK27: 1 | AL27: 1 | AM27: 1 | AN27: 1 | AO27: 0 | AP27: 0 | AQ27: 0 | AR27: 1 | AS27: 0 | AT27: 0 | AU27: 0 | AV27: 0 | AW27: 0 | AX27: 0 | AY27: 1 | AZ27: 0 | BA27: 0 | BB27: 0 | BC27: 0 | BD27: 0 | BE27: 0 | BF27: 0 | BG27: 0 | BH27: 1 | BI27: 0 | BJ27: 1 | BK27: 0 | BL27: 0 | BM27: 0 | BN27: 0 | BO27: 0 | BP27: 0 | BQ27: 1 | BR27: 0 | BS27: 1 | BT27: 0 | BU27: 0 | BV27: 0 | BW27: 0 | BX27: 0 | BY27: 0 | BZ27: 0 | CA27: 0 | CB27: 0 | CC27: 0 | CD27: 1 | CE27: 0 | CF27: 0 | CG27: 0 | CH27: 0 | CI27: 0 | CJ27: 0 | CK27: 0 | CL27: 1 | CM27: 0 | CN27: 0 | CO27: 0 | CP27: 0 | CQ27: 0 | CR27: 0 | CS27: 0 | CT27: 0 | CU27: 0 | CV27: 1 | CW27: 0 | CX27: 1 | CY27: 0 | CZ27: 0 | DA27: 0 | DB27: 1 | DC27: 1 | DD27: 1 | DE27: 1 | DF27: 1 | DG27: 0 | DH27: 0 | DI27: 0 | DJ27: 0 | DK27: 1 | DL27: 1 | DM27: 1 | DN27: 0 | DO27: 0 | DP27: 1 | DQ27: 1 | DR27: 1 | DS27: 0 | DT27: 0 | DU27: 0 | DV27: 0 | DW27: 0 | DX27: 0 | DY27: 1 | DZ27: 1 | EA27: 1 | EB27: 0 | EC27: 0 | ED27: 0 | EE27: 0 | EF27: 1 | EG27: 0 | EH27: 0 | EI27: 0 | EJ27: 1 | EK27: 0 | EL27: 0 | EM27: 0 | EN27: 0 | EO27: 0 | EP27: 0 | EQ27: D | ER27: D | ES27: A | ET27: A | EU27: A | EV27: C | EW27: A | EX27: B | EY27: C | EZ27: B | FA27: A | FB27: D | FC27: A | FD27: A | FE27: B | FF27: A | FG27: D | FH27: C | FI27: A | FJ27: A | FK27: C | FL27: C | FM27: B | FN27: B | FO27: C | FP27: A | FQ27: A | FR27: B | FS27: B | FT27: D | FU27: C | FV27: C | FW27: A | FX27: D | FY27: B | FZ27: A | GA27: D | GB27: D | GC27: C | GD27: B | GE27: A | GF27: B | GG27: B | GH27: B | GI27: A | GJ27: C | GK27: B | GL27: C | GM27: A | GN27: B | GO27: C | GP27: C | GQ27: A | GR27: C | GS27: C | GT27: D | GU27: B | GV27: A | GW27: C | GX27: B | GY27: C | GZ27: A | HA27: C | HB27: A | HC27: B | HD27: A | HE27: B | HF27: A | HG27: A | HH27: B | HI27: B | HJ27: A | HK27: A | HL27: B | HM27: D | HN27: B | HO27: B | HP27: C | HQ27: C | HR27: C | HS27: B | HT27: D | HU27: A | HV27: D | HW27: A | HX27: B | HY27: A | HZ27: A | IA27: A | IB27: C | IC27: A | ID27: B | IE27: B | IF27: B | IG27: A | IH27: A | II27: B | IJ27: C | IK27: B | IL27: A | IM27: C | IN27: A | IO27: B | IP27: A | IQ27: C | IR27: B | IS27: C | IT27: B | IU27: A | IV27: C | IW27: C | IX27: A | IY27: B | IZ27: C | JA27: A | JB27: C | JC27: B | JD27: A | JE27: B | JF27: C | JG27: B | JH27: B | JI27: D | JJ27: A | JK27: A | JL27: C | JM27: B | JN27: D | JO27: A | JP27: B | JQ27: B | JR27: C | JS27: A | JT27: C
A28: cerro tofeme monteria 2da sesiÃ³n [4077] | D28: MARQUEZ CERMEÑO ELY JOHANA | E28: 6208 | G28: 46.0 | H28: 134.0 | I28: 34.3 | J28: mar. 14 2026 09:33 a.Â m. | K28: mar. 14 2026 09:35 a.Â m. | M28: 1 | N28: 1 | O28: 0 | P28: 0 | Q28: 0 | R28: 0 | S28: 1 | T28: 0 | U28: 1 | V28: 0 | W28: 0 | X28: 0 | Y28: 1 | Z28: 1 | AA28: 0 | AB28: 1 | AC28: 0 | AD28: 0 | AE28: 1 | AF28: 0 | AG28: 0 | AH28: 1 | AI28: 0 | AJ28: 1 | AK28: 0 | AL28: 0 | AM28: 1 | AN28: 1 | AO28: 1 | AP28: 0 | AQ28: 0 | AR28: 1 | AS28: 0 | AT28: 0 | AU28: 0 | AV28: 0 | AW28: 1 | AX28: 0 | AY28: 0 | AZ28: 0 | BA28: 0 | BB28: 0 | BC28: 0 | BD28: 0 | BE28: 0 | BF28: 0 | BG28: 0 | BH28: 0 | BI28: 1 | BJ28: 0 | BK28: 0 | BL28: 0 | BM28: 0 | BN28: 0 | BO28: 0 | BP28: 1 | BQ28: 1 | BR28: 1 | BS28: 0 | BT28: 1 | BU28: 0 | BV28: 0 | BW28: 0 | BX28: 0 | BY28: 1 | BZ28: 0 | CA28: 0 | CB28: 0 | CC28: 1 | CD28: 0 | CE28: 0 | CF28: 0 | CG28: 0 | CH28: 0 | CI28: 1 | CJ28: 0 | CK28: 1 | CL28: 0 | CM28: 0 | CN28: 0 | CO28: 1 | CP28: 1 | CQ28: 0 | CR28: 0 | CS28: 1 | CT28: 1 | CU28: 0 | CV28: 0 | CW28: 1 | CX28: 0 | CY28: 1 | CZ28: 0 | DA28: 1 | DB28: 0 | DC28: 0 | DD28: 0 | DE28: 1 | DF28: 0 | DG28: 1 | DH28: 0 | DI28: 1 | DJ28: 0 | DK28: 0 | DL28: 1 | DM28: 1 | DN28: 0 | DO28: 1 | DP28: 0 | DQ28: 0 | DR28: 0 | DS28: 1 | DT28: 0 | DU28: 0 | DV28: 0 | DW28: 0 | DX28: 0 | DY28: 1 | DZ28: 0 | EA28: 0 | EB28: 1 | EC28: 1 | ED28: 0 | EE28: 1 | EF28: 1 | EG28: 0 | EH28: 0 | EI28: 0 | EJ28: 1 | EK28: 1 | EL28: 0 | EM28: 0 | EN28: 0 | EO28: 0 | EP28: 1 | EQ28: A | ER28: C | ES28: A | ET28: D | EU28: B | EV28: C | EW28: D | EX28: A | EY28: C | EZ28: C | FA28: B | FB28: B | FC28: D | FD28: D | FE28: D | FF28: B | FG28: A | FH28: C | FI28: A | FJ28: B | FK28: A | FL28: B | FM28: C | FN28: D | FO28: A | FP28: B | FQ28: A | FR28: B | FS28: C | FT28: A | FU28: C | FV28: C | FW28: B | FX28: D | FY28: B | FZ28: A | GA28: B | GB28: D | GC28: A | GD28: A | GE28: C | GF28: B | GG28: C | GH28: C | GI28: B | GJ28: D | GK28: B | GL28: D | GM28: C | GN28: A | GO28: D | GP28: B | GQ28: D | GR28: A | GS28: C | GT28: C | GU28: B | GV28: B | GW28: A | GX28: C | GY28: B | GZ28: D | HA28: B | HB28: A | HC28: A | HD28: A | HE28: B | HF28: A | HG28: B | HH28: A | HI28: D | HJ28: D | HK28: C | HL28: D | HM28: A | HN28: B | HO28: C | HP28: D | HQ28: A | HR28: C | HS28: A | HT28: C | HU28: D | HV28: F | HW28: B | HX28: A | HY28: C | HZ28: B | IA28: B | IB28: A | IC28: B | ID28: C | IE28: C | IF28: A | IG28: B | IH28: C | II28: B | IJ28: A | IK28: C | IL28: B | IM28: B | IN28: B | IO28: C | IP28: A | IQ28: C | IR28: B | IS28: B | IT28: A | IU28: C | IV28: B | IW28: B | IX28: A | IY28: B | IZ28: B | JA28: A | JB28: C | JC28: B | JD28: B | JE28: C | JF28: B | JG28: D | JH28: B | JI28: C | JJ28: A | JK28: C | JL28: D | JM28: D | JN28: D | JO28: B | JP28: A | JQ28: C | JR28: B | JS28: A | JT28: D
A29: cerro tofeme monteria 2da sesiÃ³n [4077] | D29: RUIZ OLIVARES MARISOL | E29: 6211 | G29: 59.0 | H29: 134.0 | I29: 44.0 | J29: mar. 14 2026 09:33 a.Â m. | K29: mar. 14 2026 09:35 a.Â m. | M29: 1 | N29: 0 | O29: 1 | P29: 1 | Q29: 0 | R29: 0 | S29: 1 | T29: 1 | U29: 1 | V29: 0 | W29: 1 | X29: 0 | Y29: 0 | Z29: 0 | AA29: 1 | AB29: 0 | AC29: 0 | AD29: 1 | AE29: 1 | AF29: 1 | AG29: 1 | AH29: 0 | AI29: 1 | AJ29: 0 | AK29: 1 | AL29: 0 | AM29: 1 | AN29: 0 | AO29: 1 | AP29: 0 | AQ29: 0 | AR29: 0 | AS29: 0 | AT29: 0 | AU29: 0 | AV29: 1 | AW29: 0 | AX29: 1 | AY29: 1 | AZ29: 0 | BA29: 0 | BB29: 0 | BC29: 1 | BD29: 0 | BE29: 1 | BF29: 1 | BG29: 0 | BH29: 0 | BI29: 0 | BJ29: 1 | BK29: 0 | BL29: 1 | BM29: 0 | BN29: 1 | BO29: 0 | BP29: 1 | BQ29: 1 | BR29: 1 | BS29: 0 | BT29: 1 | BU29: 1 | BV29: 0 | BW29: 1 | BX29: 0 | BY29: 0 | BZ29: 1 | CA29: 0 | CB29: 1 | CC29: 1 | CD29: 1 | CE29: 0 | CF29: 0 | CG29: 1 | CH29: 1 | CI29: 1 | CJ29: 0 | CK29: 0 | CL29: 0 | CM29: 1 | CN29: 0 | CO29: 1 | CP29: 1 | CQ29: 1 | CR29: 0 | CS29: 1 | CT29: 1 | CU29: 1 | CV29: 0 | CW29: 1 | CX29: 0 | CY29: 0 | CZ29: 0 | DA29: 0 | DB29: 1 | DC29: 0 | DD29: 0 | DE29: 1 | DF29: 1 | DG29: 0 | DH29: 0 | DI29: 0 | DJ29: 0 | DK29: 0 | DL29: 1 | DM29: 1 | DN29: 0 | DO29: 0 | DP29: 1 | DQ29: 1 | DR29: 0 | DS29: 1 | DT29: 1 | DU29: 0 | DV29: 0 | DW29: 0 | DX29: 0 | DY29: 0 | DZ29: 0 | EA29: 0 | EB29: 0 | EC29: 0 | ED29: 1 | EE29: 1 | EF29: 0 | EG29: 0 | EH29: 0 | EI29: 0 | EJ29: 0 | EK29: 1 | EL29: 1 | EM29: 0 | EN29: 0 | EO29: 0 | EP29: 0 | EQ29: A | ER29: D | ES29: B | ET29: C | EU29: C | EV29: D | EW29: D | EX29: C | EY29: C | EZ29: D | FA29: D | FB29: B | FC29: B | FD29: B | FE29: C | FF29: A | FG29: D | FH29: B | FI29: A | FJ29: A | FK29: C | FL29: C | FM29: B | FN29: C | FO29: C | FP29: C | FQ29: A | FR29: D | FS29: C | FT29: C | FU29: D | FV29: D | FW29: B | FX29: A | FY29: A | FZ29: C | GA29: D | GB29: C | GC29: C | GD29: A | GE29: C | GF29: D | GG29: A | GH29: B | GI29: C | GJ29: B | GK29: A | GL29: A | GM29: D | GN29: B | GO29: D | GP29: D | GQ29: B | GR29: B | GS29: C | GT29: C | GU29: B | GV29: B | GW29: B | GX29: C | GY29: A | GZ29: B | HA29: A | HB29: A | HC29: C | HD29: D | HE29: A | HF29: C | HG29: B | HH29: B | HI29: D | HJ29: D | HK29: B | HL29: A | HM29: A | HN29: C | HO29: B | HP29: D | HQ29: B | HR29: G | HS29: A | HT29: C | HU29: F | HV29: E | HW29: B | HX29: A | HY29: B | HZ29: B | IA29: B | IB29: A | IC29: A | ID29: C | IE29: B | IF29: B | IG29: C | IH29: B | II29: B | IJ29: C | IK29: B | IL29: B | IM29: C | IN29: A | IO29: A | IP29: A | IQ29: C | IR29: A | IS29: A | IT29: B | IU29: A | IV29: B | IW29: B | IX29: C | IY29: A | IZ29: B | JA29: A | JB29: B | JC29: C | JD29: B | JE29: C | JF29: A | JG29: B | JH29: C | JI29: C | JJ29: B | JK29: A | JL29: D | JM29: D | JN29: A | JO29: B | JP29: C | JQ29: B | JR29: B | JS29: C | JT29: A
A30: cerro tofeme monteria 2da sesiÃ³n [4077] | D30: SOTO MARTINEZ YURANIS PAOLA | E30: 6212 | G30: 47.0 | H30: 134.0 | I30: 35.1 | J30: mar. 14 2026 09:33 a.Â m. | K30: mar. 14 2026 09:35 a.Â m. | M30: 1 | N30: 0 | O30: 0 | P30: 0 | Q30: 1 | R30: 0 | S30: 1 | T30: 0 | U30: 1 | V30: 0 | W30: 1 | X30: 0 | Y30: 1 | Z30: 0 | AA30: 1 | AB30: 0 | AC30: 0 | AD30: 1 | AE30: 1 | AF30: 0 | AG30: 1 | AH30: 0 | AI30: 0 | AJ30: 0 | AK30: 0 | AL30: 0 | AM30: 1 | AN30: 0 | AO30: 1 | AP30: 0 | AQ30: 0 | AR30: 1 | AS30: 0 | AT30: 0 | AU30: 0 | AV30: 0 | AW30: 0 | AX30: 1 | AY30: 0 | AZ30: 0 | BA30: 0 | BB30: 0 | BC30: 0 | BD30: 1 | BE30: 1 | BF30: 1 | BG30: 0 | BH30: 0 | BI30: 1 | BJ30: 0 | BK30: 0 | BL30: 1 | BM30: 0 | BN30: 0 | BO30: 1 | BP30: 0 | BQ30: 1 | BR30: 1 | BS30: 0 | BT30: 1 | BU30: 0 | BV30: 0 | BW30: 0 | BX30: 0 | BY30: 1 | BZ30: 0 | CA30: 0 | CB30: 0 | CC30: 0 | CD30: 1 | CE30: 0 | CF30: 0 | CG30: 1 | CH30: 0 | CI30: 0 | CJ30: 0 | CK30: 0 | CL30: 1 | CM30: 0 | CN30: 0 | CO30: 1 | CP30: 1 | CQ30: 0 | CR30: 1 | CS30: 0 | CT30: 1 | CU30: 1 | CV30: 0 | CW30: 1 | CX30: 1 | CY30: 1 | CZ30: 0 | DA30: 0 | DB30: 0 | DC30: 0 | DD30: 1 | DE30: 0 | DF30: 0 | DG30: 0 | DH30: 0 | DI30: 0 | DJ30: 0 | DK30: 0 | DL30: 0 | DM30: 1 | DN30: 1 | DO30: 1 | DP30: 0 | DQ30: 0 | DR30: 0 | DS30: 0 | DT30: 1 | DU30: 0 | DV30: 0 | DW30: 1 | DX30: 1 | DY30: 0 | DZ30: 1 | EA30: 0 | EB30: 0 | EC30: 0 | ED30: 0 | EE30: 0 | EF30: 0 | EG30: 1 | EH30: 0 | EI30: 0 | EJ30: 0 | EK30: 0 | EL30: 0 | EM30: 0 | EN30: 1 | EO30: 1 | EP30: 1 | EQ30: A | ER30: D | ES30: C | ET30: B | EU30: D | EV30: C | EW30: D | EX30: A | EY30: C | EZ30: B | FA30: D | FB30: D | FC30: D | FD30: B | FE30: C | FF30: A | FG30: D | FH30: B | FI30: A | FJ30: B | FK30: C | FL30: C | FM30: A | FN30: C | FO30: A | FP30: B | FQ30: A | FR30: C | FS30: C | FT30: A | FU30: D | FV30: C | FW30: D | FX30: D | FY30: B | FZ30: B | GA30: D | GB30: C | GC30: A | GD30: A | GE30: C | GF30: D | GG30: C | GH30: A | GI30: C | GJ30: B | GK30: C | GL30: D | GM30: C | GN30: D | GO30: C | GP30: D | GQ30: A | GR30: A | GS30: B | GT30: D | GU30: B | GV30: B | GW30: A | GX30: C | GY30: B | GZ30: A | HA30: C | HB30: D | HC30: A | HD30: A | HE30: B | HF30: A | HG30: C | HH30: B | HI30: D | HJ30: D | HK30: B | HL30: B | HM30: C | HN30: D | HO30: A | HP30: C | HQ30: C | HR30: F | HS30: A | HT30: C | HU30: D | HV30: G | HW30: C | HX30: A | HY30: B | HZ30: B | IA30: B | IB30: C | IC30: B | ID30: C | IE30: B | IF30: A | IG30: B | IH30: A | II30: C | IJ30: A | IK30: A | IL30: B | IM30: C | IN30: B | IO30: A | IP30: B | IQ30: C | IR30: C | IS30: B | IT30: A | IU30: B | IV30: B | IW30: C | IX30: C | IY30: B | IZ30: C | JA30: C | JB30: A | JC30: C | JD30: A | JE30: C | JF30: D | JG30: B | JH30: D | JI30: B | JJ30: D | JK30: B | JL30: A | JM30: D | JN30: B | JO30: D | JP30: B | JQ30: B | JR30: A | JS30: B | JT30: D
A31: cerro tofeme monteria 2da sesiÃ³n [4077] | D31: VELASQUEZ PASCACIO ADRIANA JOSÉ | E31: 6213 | G31: 38.0 | H31: 134.0 | I31: 28.4 | J31: mar. 14 2026 09:33 a.Â m. | K31: mar. 14 2026 09:35 a.Â m. | M31: 1 | N31: 0 | O31: 1 | P31: 0 | Q31: 1 | R31: 0 | S31: 0 | T31: 1 | U31: 0 | V31: 0 | W31: 0 | X31: 1 | Y31: 0 | Z31: 0 | AA31: 0 | AB31: 0 | AC31: 1 | AD31: 1 | AE31: 0 | AF31: 1 | AG31: 1 | AH31: 1 | AI31: 0 | AJ31: 0 | AK31: 0 | AL31: 0 | AM31: 0 | AN31: 1 | AO31: 1 | AP31: 0 | AQ31: 1 | AR31: 1 | AS31: 0 | AT31: 0 | AU31: 0 | AV31: 0 | AW31: 0 | AX31: 0 | AY31: 0 | AZ31: 0 | BA31: 0 | BB31: 0 | BC31: 1 | BD31: 1 | BE31: 0 | BF31: 0 | BG31: 0 | BH31: 0 | BI31: 1 | BJ31: 1 | BK31: 0 | BL31: 0 | BM31: 1 | BN31: 0 | BO31: 0 | BP31: 0 | BQ31: 0 | BR31: 1 | BS31: 0 | BT31: 0 | BU31: 0 | BV31: 0 | BW31: 1 | BX31: 0 | BY31: 1 | BZ31: 0 | CA31: 0 | CB31: 0 | CC31: 0 | CD31: 1 | CE31: 0 | CF31: 1 | CG31: 0 | CH31: 1 | CI31: 0 | CJ31: 0 | CK31: 0 | CL31: 0 | CM31: 0 | CN31: 0 | CO31: 0 | CP31: 0 | CQ31: 0 | CR31: 1 | CS31: 1 | CT31: 1 | CU31: 0 | CV31: 1 | CW31: 0 | CX31: 0 | CY31: 0 | CZ31: 1 | DA31: 0 | DB31: 0 | DC31: 0 | DD31: 0 | DE31: 1 | DF31: 0 | DG31: 1 | DH31: 0 | DI31: 0 | DJ31: 0 | DK31: 0 | DL31: 0 | DM31: 0 | DN31: 0 | DO31: 0 | DP31: 0 | DQ31: 0 | DR31: 0 | DS31: 0 | DT31: 0 | DU31: 1 | DV31: 0 | DW31: 0 | DX31: 1 | DY31: 1 | DZ31: 0 | EA31: 0 | EB31: 1 | EC31: 0 | ED31: 0 | EE31: 0 | EF31: 0 | EG31: 0 | EH31: 0 | EI31: 0 | EJ31: 0 | EK31: 1 | EL31: 1 | EM31: 0 | EN31: 0 | EO31: 0 | EP31: 0 | EQ31: A | ER31: B | ES31: B | ET31: A | EU31: D | EV31: B | EW31: A | EX31: C | EY31: A | EZ31: B | FA31: B | FB31: A | FC31: C | FD31: B | FE31: B | FF31: A | FG31: C | FH31: B | FI31: B | FJ31: A | FK31: C | FL31: B | FM31: A | FN31: C | FO31: A | FP31: B | FQ31: C | FR31: B | FS31: C | FT31: A | FU31: B | FV31: C | FW31: B | FX31: D | FY31: B | FZ31: A | GA31: C | GB31: A | GC31: A | GD31: C | GE31: A | GF31: B | GG31: A | GH31: A | GI31: B | GJ31: C | GK31: B | GL31: A | GM31: C | GN31: B | GO31: A | GP31: A | GQ31: C | GR31: A | GS31: C | GT31: B | GU31: A | GV31: B | GW31: A | GX31: B | GY31: D | GZ31: A | HA31: A | HB31: B | HC31: A | HD31: B | HE31: C | HF31: A | HG31: C | HH31: B | HI31: C | HJ31: B | HK31: C | HL31: A | HM31: B | HN31: B | HO31: B | HP31: B | HQ31: A | HR31: G | HS31: C | HT31: A | HU31: B | HV31: G | HW31: B | HX31: A | HY31: C | HZ31: A | IA31: C | IB31: B | IC31: C | ID31: A | IE31: B | IF31: A | IG31: C | IH31: B | II31: B | IJ31: A | IK31: C | IL31: B | IM31: A | IN31: B | IO31: C | IP31: B | IQ31: A | IR31: B | IS31: A | IT31: C | IU31: B | IV31: B | IW31: A | IX31: B | IY31: C | IZ31: B | JA31: B | JB31: A | JC31: B | JD31: C | JE31: A | JF31: B | JG31: C | JH31: A | JI31: B | JJ31: B | JK31: C | JL31: A | JM31: B | JN31: C | JO31: B | JP31: C | JQ31: A | JR31: B | JS31: C | JT31: B
D32: TOTAL | EQ32: =COUNTA(M2:M31) -> 30 | ER32: =COUNTA(N2:N31) -> 30 | ES32: =COUNTA(O2:O31) -> 30 | ET32: =COUNTA(P2:P31) -> 30 | EU32: =COUNTA(Q2:Q31) -> 30 | EV32: =COUNTA(R2:R31) -> 30 | EW32: =COUNTA(S2:S31) -> 30 | EX32: =COUNTA(T2:T31) -> 30 | ... JT32: =COUNTA(EP2:EP31) -> 30
D33: RESPUESTA A | EQ33: =ROUND(COUNTIF(EQ2:EQ31,"A")*100/EQ32,0) -> 53 | ER33: =ROUND(COUNTIF(ER2:ER31,"A")*100/ER32,0) -> 13 | ES33: =ROUND(COUNTIF(ES2:ES31,"A")*100/ES32,0) -> 30 | ET33: =ROUND(COUNTIF(ET2:ET31,"A")*100/ET32,0) -> 20 | EU33: =ROUND(COUNTIF(EU2:EU31,"A")*100/EU32,0) -> 27 | EV33: =ROUND(COUNTIF(EV2:EV31,"A")*100/EV32,0) -> 30 | EW33: =ROUND(COUNTIF(EW2:EW31,"A")*100/EW32,0) -> 30 | EX33: =ROUND(COUNTIF(EX2:EX31,"A")*100/EX32,0) -> 27 | ... JT33: =ROUND(COUNTIF(JT2:JT31,"A")*100/JT32,0) -> 10
D34: RESPUESTA B | EQ34: =ROUND(COUNTIF(EQ2:EQ31,"B")*100/EQ32,0) -> 17 | ER34: =ROUND(COUNTIF(ER2:ER31,"B")*100/ER32,0) -> 50 | ES34: =ROUND(COUNTIF(ES2:ES31,"B")*100/ES32,0) -> 27 | ET34: =ROUND(COUNTIF(ET2:ET31,"B")*100/ET32,0) -> 13 | EU34: =ROUND(COUNTIF(EU2:EU31,"B")*100/EU32,0) -> 13 | EV34: =ROUND(COUNTIF(EV2:EV31,"B")*100/EV32,0) -> 27 | EW34: =ROUND(COUNTIF(EW2:EW31,"B")*100/EW32,0) -> 17 | EX34: =ROUND(COUNTIF(EX2:EX31,"B")*100/EX32,0) -> 27 | ... JT34: =ROUND(COUNTIF(JT2:JT31,"B")*100/JT32,0) -> 27
D35: RESPUESTA C | EQ35: =ROUND(COUNTIF(EQ2:EQ31,"C")*100/EQ32,0) -> 10 | ER35: =ROUND(COUNTIF(ER2:ER31,"C")*100/ER32,0) -> 13 | ES35: =ROUND(COUNTIF(ES2:ES31,"C")*100/ES32,0) -> 20 | ET35: =ROUND(COUNTIF(ET2:ET31,"C")*100/ET32,0) -> 43 | EU35: =ROUND(COUNTIF(EU2:EU31,"C")*100/EU32,0) -> 43 | EV35: =ROUND(COUNTIF(EV2:EV31,"C")*100/EV32,0) -> 20 | EW35: =ROUND(COUNTIF(EW2:EW31,"C")*100/EW32,0) -> 30 | EX35: =ROUND(COUNTIF(EX2:EX31,"C")*100/EX32,0) -> 43 | ... JT35: =ROUND(COUNTIF(JT2:JT31,"C")*100/JT32,0) -> 33
D36: RESPUESTA D | EQ36: =ROUND(COUNTIF(EQ2:EQ31,"D")*100/EQ32,0) -> 20 | ER36: =ROUND(COUNTIF(ER2:ER31,"D")*100/ER32,0) -> 23 | ES36: =ROUND(COUNTIF(ES2:ES31,"D")*100/ES32,0) -> 23 | ET36: =ROUND(COUNTIF(ET2:ET31,"D")*100/ET32,0) -> 23 | EU36: =ROUND(COUNTIF(EU2:EU31,"D")*100/EU32,0) -> 17 | EV36: =ROUND(COUNTIF(EV2:EV31,"D")*100/EV32,0) -> 23 | EW36: =ROUND(COUNTIF(EW2:EW31,"D")*100/EW32,0) -> 23 | EX36: =ROUND(COUNTIF(EX2:EX31,"D")*100/EX32,0) -> 3 | ... JT36: =ROUND(COUNTIF(JT2:JT31,"D")*100/JT32,0) -> 27
D37: RESPUESTA E | EQ37: =ROUND(COUNTIF(EQ2:EQ31,"E")*100/EQ32,0) -> 0 | ER37: =ROUND(COUNTIF(ER2:ER31,"E")*100/ER32,0) -> 0 | ES37: =ROUND(COUNTIF(ES2:ES31,"E")*100/ES32,0) -> 0 | ET37: =ROUND(COUNTIF(ET2:ET31,"E")*100/ET32,0) -> 0 | EU37: =ROUND(COUNTIF(EU2:EU31,"E")*100/EU32,0) -> 0 | EV37: =ROUND(COUNTIF(EV2:EV31,"E")*100/EV32,0) -> 0 | EW37: =ROUND(COUNTIF(EW2:EW31,"E")*100/EW32,0) -> 0 | EX37: =ROUND(COUNTIF(EX2:EX31,"E")*100/EX32,0) -> 0 | ... JT37: =ROUND(COUNTIF(JT2:JT31,"E")*100/JT32,0) -> 0
D38: RESPUESTA F | EQ38: =ROUND(COUNTIF(EQ2:EQ31,"F")*100/EQ32,0) -> 0 | ER38: =ROUND(COUNTIF(ER2:ER31,"F")*100/ER32,0) -> 0 | ES38: =ROUND(COUNTIF(ES2:ES31,"F")*100/ES32,0) -> 0 | ET38: =ROUND(COUNTIF(ET2:ET31,"F")*100/ET32,0) -> 0 | EU38: =ROUND(COUNTIF(EU2:EU31,"F")*100/EU32,0) -> 0 | EV38: =ROUND(COUNTIF(EV2:EV31,"F")*100/EV32,0) -> 0 | EW38: =ROUND(COUNTIF(EW2:EW31,"F")*100/EW32,0) -> 0 | EX38: =ROUND(COUNTIF(EX2:EX31,"F")*100/EX32,0) -> 0 | ... JT38: =ROUND(COUNTIF(JT2:JT31,"F")*100/JT32,0) -> 0
D39: RESPUESTA G | EQ39: =ROUND(COUNTIF(EQ2:EQ31,"G")*100/EQ32,0) -> 0 | ER39: =ROUND(COUNTIF(ER2:ER31,"G")*100/ER32,0) -> 0 | ES39: =ROUND(COUNTIF(ES2:ES31,"G")*100/ES32,0) -> 0 | ET39: =ROUND(COUNTIF(ET2:ET31,"G")*100/ET32,0) -> 0 | EU39: =ROUND(COUNTIF(EU2:EU31,"G")*100/EU32,0) -> 0 | EV39: =ROUND(COUNTIF(EV2:EV31,"G")*100/EV32,0) -> 0 | EW39: =ROUND(COUNTIF(EW2:EW31,"G")*100/EW32,0) -> 0 | EX39: =ROUND(COUNTIF(EX2:EX31,"G")*100/EX32,0) -> 0 | ... JT39: =ROUND(COUNTIF(JT2:JT31,"G")*100/JT32,0) -> 0
D40: EN BLANCO | EQ40: =COUNTBLANK(EQ2:EQ31) -> 0 | ER40: =COUNTBLANK(ER2:ER31) -> 0 | ES40: =COUNTBLANK(ES2:ES31) -> 0 | ET40: =COUNTBLANK(ET2:ET31) -> 0 | EU40: =COUNTBLANK(EU2:EU31) -> 0 | EV40: =COUNTBLANK(EV2:EV31) -> 0 | EW40: =COUNTBLANK(EW2:EW31) -> 0 | EX40: =COUNTBLANK(EX2:EX31) -> 0 | ... JT40: =COUNTBLANK(JT2:JT31) -> 1
D41: MULTIMARCA | EQ41: =EQ32-(COUNTIF(EQ2:EQ31,"A")+COUNTIF(EQ2:EQ31,"B")+COUNTIF(EQ2:EQ31,"C")+COUNTIF(EQ2:EQ31,"D")+COUNTIF(EQ2:EQ31,"E")+COUNTIF(EQ2:EQ31,"F")+COUNTIF(EQ2:EQ31,"G")+EQ40) -> 0 | ER41: =ER32-(COUNTIF(ER2:ER31,"A")+COUNTIF(ER2:ER31,"B")+COUNTIF(ER2:ER31,"C")+COUNTIF(ER2:ER31,"D")+COUNTIF(ER2:ER31,"E")+COUNTIF(ER2:ER31,"F")+COUNTIF(ER2:ER31,"G")+ER40) -> 0 | ES41: =ES32-(COUNTIF(ES2:ES31,"A")+COUNTIF(ES2:ES31,"B")+COUNTIF(ES2:ES31,"C")+COUNTIF(ES2:ES31,"D")+COUNTIF(ES2:ES31,"E")+COUNTIF(ES2:ES31,"F")+COUNTIF(ES2:ES31,"G")+ES40) -> 0 | ET41: =ET32-(COUNTIF(ET2:ET31,"A")+COUNTIF(ET2:ET31,"B")+COUNTIF(ET2:ET31,"C")+COUNTIF(ET2:ET31,"D")+COUNTIF(ET2:ET31,"E")+COUNTIF(ET2:ET31,"F")+COUNTIF(ET2:ET31,"G")+ET40) -> 0 | EU41: =EU32-(COUNTIF(EU2:EU31,"A")+COUNTIF(EU2:EU31,"B")+COUNTIF(EU2:EU31,"C")+COUNTIF(EU2:EU31,"D")+COUNTIF(EU2:EU31,"E")+COUNTIF(EU2:EU31,"F")+COUNTIF(EU2:EU31,"G")+EU40) -> 0 | EV41: =EV32-(COUNTIF(EV2:EV31,"A")+COUNTIF(EV2:EV31,"B")+COUNTIF(EV2:EV31,"C")+COUNTIF(EV2:EV31,"D")+COUNTIF(EV2:EV31,"E")+COUNTIF(EV2:EV31,"F")+COUNTIF(EV2:EV31,"G")+EV40) -> 0 | EW41: =EW32-(COUNTIF(EW2:EW31,"A")+COUNTIF(EW2:EW31,"B")+COUNTIF(EW2:EW31,"C")+COUNTIF(EW2:EW31,"D")+COUNTIF(EW2:EW31,"E")+COUNTIF(EW2:EW31,"F")+COUNTIF(EW2:EW31,"G")+EW40) -> 0 | EX41: =EX32-(COUNTIF(EX2:EX31,"A")+COUNTIF(EX2:EX31,"B")+COUNTIF(EX2:EX31,"C")+COUNTIF(EX2:EX31,"D")+COUNTIF(EX2:EX31,"E")+COUNTIF(EX2:EX31,"F")+COUNTIF(EX2:EX31,"G")+EX40) -> 0 | ... JT41: =JT32-(COUNTIF(JT2:JT31,"A")+COUNTIF(JT2:JT31,"B")+COUNTIF(JT2:JT31,"C")+COUNTIF(JT2:JT31,"D")+COUNTIF(JT2:JT31,"E")+COUNTIF(JT2:JT31,"F")+COUNTIF(JT2:JT31,"G")+JT40) -> 0

Sheet SESION1
A1: Apellidos y Nombres | B1: Codigo | C1: =in!M1 -> P1 | D1: =in!N1 -> P2 | E1: =in!O1 -> P3 | F1: =in!P1 -> P4 | G1: =in!Q1 -> P5 | H1: =in!R1 -> P6 | I1: =in!S1 -> P7 | J1: =in!T1 -> P8 | ... AA1: =in!AK1 -> P25 | AB1: #PC | AC1: %P | AD1: =in!AL1 -> P26 | AE1: =in!AM1 -> P27 | AF1: =in!AN1 -> P28 | AG1: =in!AO1 -> P29 | AH1: =in!AP1 -> P30 | AI1: =in!AQ1 -> P31 | AJ1: =in!AR1 -> P32 | AK1: =in!AS1 -> P33 | ... BR1: =in!BZ1 -> P66 | BS1: #PC | BT1: %P | BU1: =in!CA1 -> P67 | BV1: =in!CB1 -> P68 | BW1: =in!CC1 -> P69 | BX1: =in!CD1 -> P70 | BY1: =in!CE1 -> P71 | BZ1: =in!CF1 -> P72 | CA1: =in!CG1 -> P73 | CB1: =in!CH1 -> P74 | ... CS1: =in!CY1 -> P91 | CT1: #PC | CU1: %P | CV1: =in!CZ1 -> P93 | CW1: =in!DA1 -> P94 | CX1: =in!DB1 -> P95 | CY1: =in!DC1 -> P96 | CZ1: =in!DD1 -> P97 | DA1: =in!DE1 -> P98 | DB1: =in!DF1 -> P99 | DC1: =in!DG1 -> P100 | ... DG1: =in!DK1 -> P112 | DH1: #PC | DI1: %P | DJ1: =in!DL1 -> P102 | DK1: =in!DM1 -> P114 | DL1: =in!DN1 -> P115 | DM1: =in!DO1 -> P116 | DN1: =in!DP1 -> P118 | DO1: =in!DQ1 -> P119 | DP1: #PC | DQ1: %P | DR1: =in!DR1 -> P101 | DS1: =in!DS1 -> P103 | DT1: =in!DT1 -> P105 | DU1: =in!DU1 -> P106 | DV1: =in!DV1 -> P107 | DW1: =in!DW1 -> P108 | DX1: =in!DX1 -> P109 | DY1: =in!DY1 -> P120 | DZ1: #PC | EA1: %P | EB1: =in!DZ1 -> P92 | EC1: =in!EA1 -> P113 | ED1: =in!EB1 -> P117 | EE1: #PC | EF1: %P
A2: =in!D2 -> AGRESOT SUAREZ DIEGO ALEJANDRO | B2: =in!E2 -> 5702 | C2: =in!M2 -> 1 | D2: =in!N2 -> 1 | E2: =in!O2 -> 1 | F2: =in!P2 -> 1 | G2: =in!Q2 -> 1 | H2: =in!R2 -> 1 | I2: =in!S2 -> 0 | J2: =in!T2 -> 1 | ... AA2: =in!AK2 -> 1 | AB2: =SUM(C2:AA2) -> 17 | AC2: =AB2*100/25 -> 68 | AD2: =in!AL2 -> 1 | AE2: =in!AM2 -> 1 | AF2: =in!AN2 -> 0 | AG2: =in!AO2 -> 1 | AH2: =in!AP2 -> 1 | AI2: =in!AQ2 -> 1 | AJ2: =in!AR2 -> 1 | AK2: =in!AS2 -> 1 | ... BR2: =in!BZ2 -> 1 | BS2: =SUM(AD2:BR2) -> 31 | BT2: =BS2*100/41 -> 75.609756 | BU2: =in!CA2 -> 1 | BV2: =in!CB2 -> 1 | BW2: =in!CC2 -> 1 | BX2: =in!CD2 -> 0 | BY2: =in!CE2 -> 0 | BZ2: =in!CF2 -> 1 | CA2: =in!CG2 -> 0 | CB2: =in!CH2 -> 1 | ... CS2: =in!CY2 -> 1 | CT2: =SUM(BU2:CS2) -> 20 | CU2: =CT2*100/25 -> 80 | CV2: =in!CZ2 -> 1 | CW2: =in!DA2 -> 1 | CX2: =in!DB2 -> 1 | CY2: =in!DC2 -> 1 | CZ2: =in!DD2 -> 1 | DA2: =in!DE2 -> 1 | DB2: =in!DF2 -> 1 | DC2: =in!DG2 -> 1 | ... DG2: =in!DK2 -> 1 | DH2: =SUM(CV2:DG2) -> 12 | DI2: =DH2*100/COUNT(CV2:DG2) -> 100 | DJ2: =in!DL2 -> 1 | DK2: =in!DM2 -> 1 | DL2: =in!DN2 -> 0 | DM2: =in!DO2 -> 1 | DN2: =in!DP2 -> 1 | DO2: =in!DQ2 -> 1 | DP2: =SUM(DJ2:DO2) -> 5 | DQ2: =DP2*100/COUNT(DJ2:DO2) -> 83.333333 | DR2: =in!DR2 -> 0 | DS2: =in!DS2 -> 0 | DT2: =in!DT2 -> 0 | DU2: =in!DU2 -> 0 | DV2: =in!DV2 -> 1 | DW2: =in!DW2 -> 1 | DX2: =in!DX2 -> 1 | DY2: =in!DY2 -> 1 | DZ2: =SUM(DR2:DY2) -> 4 | EA2: =DZ2*100/COUNT(DR2:DY2) -> 50 | EB2: =in!DZ2 -> 1 | EC2: =in!EA2 -> 1 | ED2: =in!EB2 -> 1 | EE2: =SUM(EB2:ED2) -> 3 | EF2: =EE2*100/COUNT(EB2:ED2) -> 100
A3: =in!D3 -> BRAVO FLOREZ MIGUEL ANDRES | B3: =in!E3 -> 5704 | C3: =in!M3 -> 1 | D3: =in!N3 -> 1 | E3: =in!O3 -> 1 | F3: =in!P3 -> 0 | G3: =in!Q3 -> 0 | H3: =in!R3 -> 1 | I3: =in!S3 -> 0 | J3: =in!T3 -> 0 | ... AA3: =in!AK3 -> 1 | AB3: =SUM(C3:AA3) -> 14 | AC3: =AB3*100/25 -> 56 | AD3: =in!AL3 -> 0 | AE3: =in!AM3 -> 0 | AF3: =in!AN3 -> 1 | AG3: =in!AO3 -> 1 | AH3: =in!AP3 -> 0 | AI3: =in!AQ3 -> 1 | AJ3: =in!AR3 -> 1 | AK3: =in!AS3 -> 0 | ... BR3: =in!BZ3 -> 0 | BS3: =SUM(AD3:BR3) -> 17 | BT3: =BS3*100/41 -> 41.463415 | BU3: =in!CA3 -> 0 | BV3: =in!CB3 -> 0 | BW3: =in!CC3 -> 1 | BX3: =in!CD3 -> 0 | BY3: =in!CE3 -> 0 | BZ3: =in!CF3 -> 0 | CA3: =in!CG3 -> 0 | CB3: =in!CH3 -> 0 | ... CS3: =in!CY3 -> 0 | CT3: =SUM(BU3:CS3) -> 7 | CU3: =CT3*100/25 -> 28 | CV3: =in!CZ3 -> 1 | CW3: =in!DA3 -> 0 | CX3: =in!DB3 -> 0 | CY3: =in!DC3 -> 1 | CZ3: =in!DD3 -> 0 | DA3: =in!DE3 -> 0 | DB3: =in!DF3 -> 0 | DC3: =in!DG3 -> 0 | ... DG3: =in!DK3 -> 0 | DH3: =SUM(CV3:DG3) -> 3 | DI3: =DH3*100/COUNT(CV3:DG3) -> 25 | DJ3: =in!DL3 -> 1 | DK3: =in!DM3 -> 1 | DL3: =in!DN3 -> 0 | DM3: =in!DO3 -> 1 | DN3: =in!DP3 -> 1 | DO3: =in!DQ3 -> 0 | DP3: =SUM(DJ3:DO3) -> 4 | DQ3: =DP3*100/COUNT(DJ3:DO3) -> 66.666667 | DR3: =in!DR3 -> 0 | DS3: =in!DS3 -> 1 | DT3: =in!DT3 -> 0 | DU3: =in!DU3 -> 0 | DV3: =in!DV3 -> 0 | DW3: =in!DW3 -> 0 | DX3: =in!DX3 -> 0 | DY3: =in!DY3 -> 0 | DZ3: =SUM(DR3:DY3) -> 1 | EA3: =DZ3*100/COUNT(DR3:DY3) -> 12.5 | EB3: =in!DZ3 -> 1 | EC3: =in!EA3 -> 1 | ED3: =in!EB3 -> 0 | EE3: =SUM(EB3:ED3) -> 2 | EF3: =EE3*100/COUNT(EB3:ED3) -> 66.666667
A4: =in!D4 -> CALDERA CALVO MARIA ALEJANDRA | B4: =in!E4 -> 5705 | C4: =in!M4 -> 1 | D4: =in!N4 -> 1 | E4: =in!O4 -> 1 | F4: =in!P4 -> 0 | G4: =in!Q4 -> 1 | H4: =in!R4 -> 0 | I4: =in!S4 -> 0 | J4: =in!T4 -> 0 | ... AA4: =in!AK4 -> 0 | AB4: =SUM(C4:AA4) -> 10 | AC4: =AB4*100/25 -> 40 | AD4: =in!AL4 -> 0 | AE4: =in!AM4 -> 0 | AF4: =in!AN4 -> 0 | AG4: =in!AO4 -> 1 | AH4: =in!AP4 -> 1 | AI4: =in!AQ4 -> 1 | AJ4: =in!AR4 -> 0 | AK4: =in!AS4 -> 1 | ... BR4: =in!BZ4 -> 1 | BS4: =SUM(AD4:BR4) -> 19 | BT4: =BS4*100/41 -> 46.341463 | BU4: =in!CA4 -> 0 | BV4: =in!CB4 -> 0 | BW4: =in!CC4 -> 1 | BX4: =in!CD4 -> 0 | BY4: =in!CE4 -> 0 | BZ4: =in!CF4 -> 0 | CA4: =in!CG4 -> 0 | CB4: =in!CH4 -> 1 | ... CS4: =in!CY4 -> 1 | CT4: =SUM(BU4:CS4) -> 8 | CU4: =CT4*100/25 -> 32 | CV4: =in!CZ4 -> 1 | CW4: =in!DA4 -> 0 | CX4: =in!DB4 -> 1 | CY4: =in!DC4 -> 0 | CZ4: =in!DD4 -> 0 | DA4: =in!DE4 -> 0 | DB4: =in!DF4 -> 1 | DC4: =in!DG4 -> 0 | ... DG4: =in!DK4 -> 0 | DH4: =SUM(CV4:DG4) -> 4 | DI4: =DH4*100/COUNT(CV4:DG4) -> 33.333333 | DJ4: =in!DL4 -> 1 | DK4: =in!DM4 -> 0 | DL4: =in!DN4 -> 1 | DM4: =in!DO4 -> 1 | DN4: =in!DP4 -> 1 | DO4: =in!DQ4 -> 1 | DP4: =SUM(DJ4:DO4) -> 5 | DQ4: =DP4*100/COUNT(DJ4:DO4) -> 83.333333 | DR4: =in!DR4 -> 1 | DS4: =in!DS4 -> 0 | DT4: =in!DT4 -> 1 | DU4: =in!DU4 -> 0 | DV4: =in!DV4 -> 1 | DW4: =in!DW4 -> 0 | DX4: =in!DX4 -> 0 | DY4: =in!DY4 -> 1 | DZ4: =SUM(DR4:DY4) -> 4 | EA4: =DZ4*100/COUNT(DR4:DY4) -> 50 | EB4: =in!DZ4 -> 0 | EC4: =in!EA4 -> 1 | ED4: =in!EB4 -> 1 | EE4: =SUM(EB4:ED4) -> 2 | EF4: =EE4*100/COUNT(EB4:ED4) -> 66.666667
A5: =in!D5 -> CARVAJAL MIRANDA YOELIS MARIA | B5: =in!E5 -> 5706 | C5: =in!M5 -> 1 | D5: =in!N5 -> 1 | E5: =in!O5 -> 0 | F5: =in!P5 -> 0 | G5: =in!Q5 -> 0 | H5: =in!R5 -> 1 | I5: =in!S5 -> 0 | J5: =in!T5 -> 0 | ... AA5: =in!AK5 -> 0 | AB5: =SUM(C5:AA5) -> 6 | AC5: =AB5*100/25 -> 24 | AD5: =in!AL5 -> 0 | AE5: =in!AM5 -> 0 | AF5: =in!AN5 -> 0 | AG5: =in!AO5 -> 0 | AH5: =in!AP5 -> 1 | AI5: =in!AQ5 -> 0 | AJ5: =in!AR5 -> 0 | AK5: =in!AS5 -> 0 | ... BR5: =in!BZ5 -> 1 | BS5: =SUM(AD5:BR5) -> 16 | BT5: =BS5*100/41 -> 39.02439 | BU5: =in!CA5 -> 0 | BV5: =in!CB5 -> 1 | BW5: =in!CC5 -> 1 | BX5: =in!CD5 -> 0 | BY5: =in!CE5 -> 1 | BZ5: =in!CF5 -> 0 | CA5: =in!CG5 -> 1 | CB5: =in!CH5 -> 1 | ... CS5: =in!CY5 -> 1 | CT5: =SUM(BU5:CS5) -> 9 | CU5: =CT5*100/25 -> 36 | CV5: =in!CZ5 -> 1 | CW5: =in!DA5 -> 0 | CX5: =in!DB5 -> 0 | CY5: =in!DC5 -> 0 | CZ5: =in!DD5 -> 0 | DA5: =in!DE5 -> 0 | DB5: =in!DF5 -> 0 | DC5: =in!DG5 -> 0 | ... DG5: =in!DK5 -> 1 | DH5: =SUM(CV5:DG5) -> 5 | DI5: =DH5*100/COUNT(CV5:DG5) -> 41.666667 | DJ5: =in!DL5 -> 1 | DK5: =in!DM5 -> 1 | DL5: =in!DN5 -> 0 | DM5: =in!DO5 -> 0 | DN5: =in!DP5 -> 1 | DO5: =in!DQ5 -> 0 | DP5: =SUM(DJ5:DO5) -> 3 | DQ5: =DP5*100/COUNT(DJ5:DO5) -> 50 | DR5: =in!DR5 -> 0 | DS5: =in!DS5 -> 1 | DT5: =in!DT5 -> 0 | DU5: =in!DU5 -> 0 | DV5: =in!DV5 -> 1 | DW5: =in!DW5 -> 0 | DX5: =in!DX5 -> 1 | DY5: =in!DY5 -> 1 | DZ5: =SUM(DR5:DY5) -> 4 | EA5: =DZ5*100/COUNT(DR5:DY5) -> 50 | EB5: =in!DZ5 -> 0 | EC5: =in!EA5 -> 1 | ED5: =in!EB5 -> 1 | EE5: =SUM(EB5:ED5) -> 2 | EF5: =EE5*100/COUNT(EB5:ED5) -> 66.666667
A6: =in!D6 -> DIAZ DONADO ROSA ANDREA | B6: =in!E6 -> 5707 | C6: =in!M6 -> 1 | D6: =in!N6 -> 1 | E6: =in!O6 -> 1 | F6: =in!P6 -> 0 | G6: =in!Q6 -> 0 | H6: =in!R6 -> 1 | I6: =in!S6 -> 0 | J6: =in!T6 -> 0 | ... AA6: =in!AK6 -> 1 | AB6: =SUM(C6:AA6) -> 12 | AC6: =AB6*100/25 -> 48 | AD6: =in!AL6 -> 0 | AE6: =in!AM6 -> 0 | AF6: =in!AN6 -> 1 | AG6: =in!AO6 -> 1 | AH6: =in!AP6 -> 1 | AI6: =in!AQ6 -> 1 | AJ6: =in!AR6 -> 1 | AK6: =in!AS6 -> 1 | ... BR6: =in!BZ6 -> 1 | BS6: =SUM(AD6:BR6) -> 23 | BT6: =BS6*100/41 -> 56.097561 | BU6: =in!CA6 -> 0 | BV6: =in!CB6 -> 0 | BW6: =in!CC6 -> 0 | BX6: =in!CD6 -> 1 | BY6: =in!CE6 -> 0 | BZ6: =in!CF6 -> 0 | CA6: =in!CG6 -> 0 | CB6: =in!CH6 -> 1 | ... CS6: =in!CY6 -> 1 | CT6: =SUM(BU6:CS6) -> 7 | CU6: =CT6*100/25 -> 28 | CV6: =in!CZ6 -> 0 | CW6: =in!DA6 -> 0 | CX6: =in!DB6 -> 0 | CY6: =in!DC6 -> 0 | CZ6: =in!DD6 -> 0 | DA6: =in!DE6 -> 0 | DB6: =in!DF6 -> 1 | DC6: =in!DG6 -> 1 | ... DG6: =in!DK6 -> 0 | DH6: =SUM(CV6:DG6) -> 3 | DI6: =DH6*100/COUNT(CV6:DG6) -> 25 | DJ6: =in!DL6 -> 1 | DK6: =in!DM6 -> 0 | DL6: =in!DN6 -> 0 | DM6: =in!DO6 -> 0 | DN6: =in!DP6 -> 1 | DO6: =in!DQ6 -> 1 | DP6: =SUM(DJ6:DO6) -> 3 | DQ6: =DP6*100/COUNT(DJ6:DO6) -> 50 | DR6: =in!DR6 -> 0 | DS6: =in!DS6 -> 1 | DT6: =in!DT6 -> 1 | DU6: =in!DU6 -> 0 | DV6: =in!DV6 -> 0 | DW6: =in!DW6 -> 0 | DX6: =in!DX6 -> 1 | DY6: =in!DY6 -> 0 | DZ6: =SUM(DR6:DY6) -> 3 | EA6: =DZ6*100/COUNT(DR6:DY6) -> 37.5 | EB6: =in!DZ6 -> 0 | EC6: =in!EA6 -> 0 | ED6: =in!EB6 -> 0 | EE6: =SUM(EB6:ED6) -> 0 | EF6: =EE6*100/COUNT(EB6:ED6) -> 0
A7: =in!D7 -> DIAZ MARTINEZ DINA MARCELA | B7: =in!E7 -> 5708 | C7: =in!M7 -> 1 | D7: =in!N7 -> 1 | E7: =in!O7 -> 0 | F7: =in!P7 -> 0 | G7: =in!Q7 -> 0 | H7: =in!R7 -> 1 | I7: =in!S7 -> 0 | J7: =in!T7 -> 0 | ... AA7: =in!AK7 -> 0 | AB7: =SUM(C7:AA7) -> 9 | AC7: =AB7*100/25 -> 36 | AD7: =in!AL7 -> 0 | AE7: =in!AM7 -> 0 | AF7: =in!AN7 -> 1 | AG7: =in!AO7 -> 1 | AH7: =in!AP7 -> 1 | AI7: =in!AQ7 -> 0 | AJ7: =in!AR7 -> 1 | AK7: =in!AS7 -> 0 | ... BR7: =in!BZ7 -> 0 | BS7: =SUM(AD7:BR7) -> 16 | BT7: =BS7*100/41 -> 39.02439 | BU7: =in!CA7 -> 0 | BV7: =in!CB7 -> 1 | BW7: =in!CC7 -> 0 | BX7: =in!CD7 -> 0 | BY7: =in!CE7 -> 1 | BZ7: =in!CF7 -> 1 | CA7: =in!CG7 -> 0 | CB7: =in!CH7 -> 0 | ... CS7: =in!CY7 -> 1 | CT7: =SUM(BU7:CS7) -> 12 | CU7: =CT7*100/25 -> 48 | CV7: =in!CZ7 -> 1 | CW7: =in!DA7 -> 0 | CX7: =in!DB7 -> 1 | CY7: =in!DC7 -> 0 | CZ7: =in!DD7 -> 0 | DA7: =in!DE7 -> 0 | DB7: =in!DF7 -> 1 | DC7: =in!DG7 -> 0 | ... DG7: =in!DK7 -> 0 | DH7: =SUM(CV7:DG7) -> 4 | DI7: =DH7*100/COUNT(CV7:DG7) -> 33.333333 | DJ7: =in!DL7 -> 0 | DK7: =in!DM7 -> 0 | DL7: =in!DN7 -> 0 | DM7: =in!DO7 -> 0 | DN7: =in!DP7 -> 1 | DO7: =in!DQ7 -> 1 | DP7: =SUM(DJ7:DO7) -> 2 | DQ7: =DP7*100/COUNT(DJ7:DO7) -> 33.333333 | DR7: =in!DR7 -> 0 | DS7: =in!DS7 -> 0 | DT7: =in!DT7 -> 1 | DU7: =in!DU7 -> 0 | DV7: =in!DV7 -> 1 | DW7: =in!DW7 -> 0 | DX7: =in!DX7 -> 1 | DY7: =in!DY7 -> 0 | DZ7: =SUM(DR7:DY7) -> 3 | EA7: =DZ7*100/COUNT(DR7:DY7) -> 37.5 | EB7: =in!DZ7 -> 1 | EC7: =in!EA7 -> 0 | ED7: =in!EB7 -> 1 | EE7: =SUM(EB7:ED7) -> 2 | EF7: =EE7*100/COUNT(EB7:ED7) -> 66.666667
A8: =in!D8 -> LAGARES PEREZ OVIER ANTONIO | B8: =in!E8 -> 5709 | C8: =in!M8 -> 1 | D8: =in!N8 -> 1 | E8: =in!O8 -> 0 | F8: =in!P8 -> 1 | G8: =in!Q8 -> 0 | H8: =in!R8 -> 0 | I8: =in!S8 -> 0 | J8: =in!T8 -> 0 | ... AA8: =in!AK8 -> 0 | AB8: =SUM(C8:AA8) -> 13 | AC8: =AB8*100/25 -> 52 | AD8: =in!AL8 -> 0 | AE8: =in!AM8 -> 0 | AF8: =in!AN8 -> 1 | AG8: =in!AO8 -> 1 | AH8: =in!AP8 -> 1 | AI8: =in!AQ8 -> 1 | AJ8: =in!AR8 -> 0 | AK8: =in!AS8 -> 0 | ... BR8: =in!BZ8 -> 1 | BS8: =SUM(AD8:BR8) -> 21 | BT8: =BS8*100/41 -> 51.219512 | BU8: =in!CA8 -> 1 | BV8: =in!CB8 -> 0 | BW8: =in!CC8 -> 1 | BX8: =in!CD8 -> 0 | BY8: =in!CE8 -> 1 | BZ8: =in!CF8 -> 0 | CA8: =in!CG8 -> 1 | CB8: =in!CH8 -> 1 | ... CS8: =in!CY8 -> 0 | CT8: =SUM(BU8:CS8) -> 13 | CU8: =CT8*100/25 -> 52 | CV8: =in!CZ8 -> 1 | CW8: =in!DA8 -> 0 | CX8: =in!DB8 -> 0 | CY8: =in!DC8 -> 0 | CZ8: =in!DD8 -> 1 | DA8: =in!DE8 -> 1 | DB8: =in!DF8 -> 0 | DC8: =in!DG8 -> 1 | ... DG8: =in!DK8 -> 0 | DH8: =SUM(CV8:DG8) -> 5 | DI8: =DH8*100/COUNT(CV8:DG8) -> 41.666667 | DJ8: =in!DL8 -> 0 | DK8: =in!DM8 -> 0 | DL8: =in!DN8 -> 0 | DM8: =in!DO8 -> 0 | DN8: =in!DP8 -> 1 | DO8: =in!DQ8 -> 0 | DP8: =SUM(DJ8:DO8) -> 1 | DQ8: =DP8*100/COUNT(DJ8:DO8) -> 16.666667 | DR8: =in!DR8 -> 0 | DS8: =in!DS8 -> 0 | DT8: =in!DT8 -> 0 | DU8: =in!DU8 -> 0 | DV8: =in!DV8 -> 1 | DW8: =in!DW8 -> 0 | DX8: =in!DX8 -> 1 | DY8: =in!DY8 -> 0 | DZ8: =SUM(DR8:DY8) -> 2 | EA8: =DZ8*100/COUNT(DR8:DY8) -> 25 | EB8: =in!DZ8 -> 0 | EC8: =in!EA8 -> 1 | ED8: =in!EB8 -> 0 | EE8: =SUM(EB8:ED8) -> 1 | EF8: =EE8*100/COUNT(EB8:ED8) -> 33.333333
A9: =in!D9 -> SANTANA RAMOS EUSEBIO | B9: =in!E9 -> 5711 | C9: =in!M9 -> 1 | D9: =in!N9 -> 1 | E9: =in!O9 -> 1 | F9: =in!P9 -> 0 | G9: =in!Q9 -> 0 | H9: =in!R9 -> 1 | I9: =in!S9 -> 0 | J9: =in!T9 -> 1 | ... AA9: =in!AK9 -> 0 | AB9: =SUM(C9:AA9) -> 12 | AC9: =AB9*100/25 -> 48 | AD9: =in!AL9 -> 0 | AE9: =in!AM9 -> 1 | AF9: =in!AN9 -> 1 | AG9: =in!AO9 -> 0 | AH9: =in!AP9 -> 1 | AI9: =in!AQ9 -> 0 | AJ9: =in!AR9 -> 0 | AK9: =in!AS9 -> 1 | ... BR9: =in!BZ9 -> 0 | BS9: =SUM(AD9:BR9) -> 23 | BT9: =BS9*100/41 -> 56.097561 | BU9: =in!CA9 -> 0 | BV9: =in!CB9 -> 1 | BW9: =in!CC9 -> 1 | BX9: =in!CD9 -> 0 | BY9: =in!CE9 -> 0 | BZ9: =in!CF9 -> 1 | CA9: =in!CG9 -> 0 | CB9: =in!CH9 -> 1 | ... CS9: =in!CY9 -> 1 | CT9: =SUM(BU9:CS9) -> 12 | CU9: =CT9*100/25 -> 48 | CV9: =in!CZ9 -> 1 | CW9: =in!DA9 -> 1 | CX9: =in!DB9 -> 1 | CY9: =in!DC9 -> 0 | CZ9: =in!DD9 -> 0 | DA9: =in!DE9 -> 0 | DB9: =in!DF9 -> 0 | DC9: =in!DG9 -> 0 | ... DG9: =in!DK9 -> 0 | DH9: =SUM(CV9:DG9) -> 5 | DI9: =DH9*100/COUNT(CV9:DG9) -> 41.666667 | DJ9: =in!DL9 -> 1 | DK9: =in!DM9 -> 1 | DL9: =in!DN9 -> 1 | DM9: =in!DO9 -> 0 | DN9: =in!DP9 -> 1 | DO9: =in!DQ9 -> 1 | DP9: =SUM(DJ9:DO9) -> 5 | DQ9: =DP9*100/COUNT(DJ9:DO9) -> 83.333333 | DR9: =in!DR9 -> 0 | DS9: =in!DS9 -> 1 | DT9: =in!DT9 -> 1 | DU9: =in!DU9 -> 0 | DV9: =in!DV9 -> 1 | DW9: =in!DW9 -> 0 | DX9: =in!DX9 -> 0 | DY9: =in!DY9 -> 0 | DZ9: =SUM(DR9:DY9) -> 3 | EA9: =DZ9*100/COUNT(DR9:DY9) -> 37.5 | EB9: =in!DZ9 -> 1 | EC9: =in!EA9 -> 1 | ED9: =in!EB9 -> 1 | EE9: =SUM(EB9:ED9) -> 3 | EF9: =EE9*100/COUNT(EB9:ED9) -> 100
A10: =in!D10 -> TRIVIÑO AYALA JONATHAN | B10: =in!E10 -> 5712 | C10: =in!M10 -> 1 | D10: =in!N10 -> 1 | E10: =in!O10 -> 0 | F10: =in!P10 -> 0 | G10: =in!Q10 -> 0 | H10: =in!R10 -> 1 | I10: =in!S10 -> 1 | J10: =in!T10 -> 0 | ... AA10: =in!AK10 -> 0 | AB10: =SUM(C10:AA10) -> 14 | AC10: =AB10*100/25 -> 56 | AD10: =in!AL10 -> 0 | AE10: =in!AM10 -> 0 | AF10: =in!AN10 -> 1 | AG10: =in!AO10 -> 1 | AH10: =in!AP10 -> 1 | AI10: =in!AQ10 -> 1 | AJ10: =in!AR10 -> 1 | AK10: =in!AS10 -> 0 | ... BR10: =in!BZ10 -> 0 | BS10: =SUM(AD10:BR10) -> 21 | BT10: =BS10*100/41 -> 51.219512 | BU10: =in!CA10 -> 0 | BV10: =in!CB10 -> 0 | BW10: =in!CC10 -> 1 | BX10: =in!CD10 -> 0 | BY10: =in!CE10 -> 1 | BZ10: =in!CF10 -> 0 | CA10: =in!CG10 -> 0 | CB10: =in!CH10 -> 0 | ... CS10: =in!CY10 -> 1 | CT10: =SUM(BU10:CS10) -> 7 | CU10: =CT10*100/25 -> 28 | CV10: =in!CZ10 -> 1 | CW10: =in!DA10 -> 0 | CX10: =in!DB10 -> 1 | CY10: =in!DC10 -> 0 | CZ10: =in!DD10 -> 0 | DA10: =in!DE10 -> 1 | DB10: =in!DF10 -> 1 | DC10: =in!DG10 -> 0 | ... DG10: =in!DK10 -> 1 | DH10: =SUM(CV10:DG10) -> 6 | DI10: =DH10*100/COUNT(CV10:DG10) -> 50 | DJ10: =in!DL10 -> 1 | DK10: =in!DM10 -> 0 | DL10: =in!DN10 -> 1 | DM10: =in!DO10 -> 0 | DN10: =in!DP10 -> 1 | DO10: =in!DQ10 -> 1 | DP10: =SUM(DJ10:DO10) -> 4 | DQ10: =DP10*100/COUNT(DJ10:DO10) -> 66.666667 | DR10: =in!DR10 -> 0 | DS10: =in!DS10 -> 0 | DT10: =in!DT10 -> 1 | DU10: =in!DU10 -> 0 | DV10: =in!DV10 -> 1 | DW10: =in!DW10 -> 0 | DX10: =in!DX10 -> 0 | DY10: =in!DY10 -> 0 | DZ10: =SUM(DR10:DY10) -> 2 | EA10: =DZ10*100/COUNT(DR10:DY10) -> 25 | EB10: =in!DZ10 -> 1 | EC10: =in!EA10 -> 0 | ED10: =in!EB10 -> 1 | EE10: =SUM(EB10:ED10) -> 2 | EF10: =EE10*100/COUNT(EB10:ED10) -> 66.666667
A11: =in!D11 -> VELASQUEZ GANOT MARIA JOSE | B11: =in!E11 -> 5713 | C11: =in!M11 -> 1 | D11: =in!N11 -> 1 | E11: =in!O11 -> 0 | F11: =in!P11 -> 0 | G11: =in!Q11 -> 1 | H11: =in!R11 -> 1 | I11: =in!S11 -> 0 | J11: =in!T11 -> 1 | ... AA11: =in!AK11 -> 1 | AB11: =SUM(C11:AA11) -> 10 | AC11: =AB11*100/25 -> 40 | AD11: =in!AL11 -> 1 | AE11: =in!AM11 -> 1 | AF11: =in!AN11 -> 0 | AG11: =in!AO11 -> 1 | AH11: =in!AP11 -> 1 | AI11: =in!AQ11 -> 1 | AJ11: =in!AR11 -> 0 | AK11: =in!AS11 -> 0 | ... BR11: =in!BZ11 -> 1 | BS11: =SUM(AD11:BR11) -> 18 | BT11: =BS11*100/41 -> 43.902439 | BU11: =in!CA11 -> 0 | BV11: =in!CB11 -> 0 | BW11: =in!CC11 -> 0 | BX11: =in!CD11 -> 0 | BY11: =in!CE11 -> 0 | BZ11: =in!CF11 -> 0 | CA11: =in!CG11 -> 0 | CB11: =in!CH11 -> 1 | ... CS11: =in!CY11 -> 1 | CT11: =SUM(BU11:CS11) -> 8 | CU11: =CT11*100/25 -> 32 | CV11: =in!CZ11 -> 1 | CW11: =in!DA11 -> 0 | CX11: =in!DB11 -> 0 | CY11: =in!DC11 -> 1 | CZ11: =in!DD11 -> 0 | DA11: =in!DE11 -> 0 | DB11: =in!DF11 -> 1 | DC11: =in!DG11 -> 0 | ... DG11: =in!DK11 -> 0 | DH11: =SUM(CV11:DG11) -> 4 | DI11: =DH11*100/COUNT(CV11:DG11) -> 33.333333 | DJ11: =in!DL11 -> 1 | DK11: =in!DM11 -> 1 | DL11: =in!DN11 -> 0 | DM11: =in!DO11 -> 0 | DN11: =in!DP11 -> 1 | DO11: =in!DQ11 -> 0 | DP11: =SUM(DJ11:DO11) -> 3 | DQ11: =DP11*100/COUNT(DJ11:DO11) -> 50 | DR11: =in!DR11 -> 0 | DS11: =in!DS11 -> 0 | DT11: =in!DT11 -> 0 | DU11: =in!DU11 -> 1 | DV11: =in!DV11 -> 0 | DW11: =in!DW11 -> 0 | DX11: =in!DX11 -> 1 | DY11: =in!DY11 -> 1 | DZ11: =SUM(DR11:DY11) -> 3 | EA11: =DZ11*100/COUNT(DR11:DY11) -> 37.5 | EB11: =in!DZ11 -> 1 | EC11: =in!EA11 -> 0 | ED11: =in!EB11 -> 0 | EE11: =SUM(EB11:ED11) -> 1 | EF11: =EE11*100/COUNT(EB11:ED11) -> 33.333333
A12: =in!D12 -> ZARZA BARRAGAN JOHAN SEBASTIAN | B12: =in!E12 -> 5714 | C12: =in!M12 -> 1 | D12: =in!N12 -> 1 | E12: =in!O12 -> 1 | F12: =in!P12 -> 0 | G12: =in!Q12 -> 0 | H12: =in!R12 -> 1 | I12: =in!S12 -> 0 | J12: =in!T12 -> 0 | ... AA12: =in!AK12 -> 0 | AB12: =SUM(C12:AA12) -> 9 | AC12: =AB12*100/25 -> 36 | AD12: =in!AL12 -> 0 | AE12: =in!AM12 -> 0 | AF12: =in!AN12 -> 0 | AG12: =in!AO12 -> 1 | AH12: =in!AP12 -> 0 | AI12: =in!AQ12 -> 1 | AJ12: =in!AR12 -> 0 | AK12: =in!AS12 -> 0 | ... BR12: =in!BZ12 -> 0 | BS12: =SUM(AD12:BR12) -> 13 | BT12: =BS12*100/41 -> 31.707317 | BU12: =in!CA12 -> 0 | BV12: =in!CB12 -> 1 | BW12: =in!CC12 -> 0 | BX12: =in!CD12 -> 0 | BY12: =in!CE12 -> 1 | BZ12: =in!CF12 -> 0 | CA12: =in!CG12 -> 0 | CB12: =in!CH12 -> 0 | ... CS12: =in!CY12 -> 0 | CT12: =SUM(BU12:CS12) -> 6 | CU12: =CT12*100/25 -> 24 | CV12: =in!CZ12 -> 1 | CW12: =in!DA12 -> 1 | CX12: =in!DB12 -> 0 | CY12: =in!DC12 -> 0 | CZ12: =in!DD12 -> 1 | DA12: =in!DE12 -> 0 | DB12: =in!DF12 -> 0 | DC12: =in!DG12 -> 0 | ... DG12: =in!DK12 -> 0 | DH12: =SUM(CV12:DG12) -> 4 | DI12: =DH12*100/COUNT(CV12:DG12) -> 33.333333 | DJ12: =in!DL12 -> 0 | DK12: =in!DM12 -> 0 | DL12: =in!DN12 -> 0 | DM12: =in!DO12 -> 1 | DN12: =in!DP12 -> 1 | DO12: =in!DQ12 -> 1 | DP12: =SUM(DJ12:DO12) -> 3 | DQ12: =DP12*100/COUNT(DJ12:DO12) -> 50 | DR12: =in!DR12 -> 0 | DS12: =in!DS12 -> 0 | DT12: =in!DT12 -> 1 | DU12: =in!DU12 -> 0 | DV12: =in!DV12 -> 0 | DW12: =in!DW12 -> 0 | DX12: =in!DX12 -> 0 | DY12: =in!DY12 -> 0 | DZ12: =SUM(DR12:DY12) -> 1 | EA12: =DZ12*100/COUNT(DR12:DY12) -> 12.5 | EB12: =in!DZ12 -> 1 | EC12: =in!EA12 -> 1 | ED12: =in!EB12 -> 1 | EE12: =SUM(EB12:ED12) -> 3 | EF12: =EE12*100/COUNT(EB12:ED12) -> 100
A13: =in!D13 -> BENITEZ GALINDO SAMUEL DAVID | B13: =in!E13 -> 5801 | C13: =in!M13 -> 1 | D13: =in!N13 -> 0 | E13: =in!O13 -> 1 | F13: =in!P13 -> 0 | G13: =in!Q13 -> 0 | H13: =in!R13 -> 0 | I13: =in!S13 -> 0 | J13: =in!T13 -> 1 | ... AA13: =in!AK13 -> 0 | AB13: =SUM(C13:AA13) -> 8 | AC13: =AB13*100/25 -> 32 | AD13: =in!AL13 -> 0 | AE13: =in!AM13 -> 0 | AF13: =in!AN13 -> 1 | AG13: =in!AO13 -> 1 | AH13: =in!AP13 -> 0 | AI13: =in!AQ13 -> 0 | AJ13: =in!AR13 -> 0 | AK13: =in!AS13 -> 0 | ... BR13: =in!BZ13 -> 0 | BS13: =SUM(AD13:BR13) -> 15 | BT13: =BS13*100/41 -> 36.585366 | BU13: =in!CA13 -> 0 | BV13: =in!CB13 -> 0 | BW13: =in!CC13 -> 0 | BX13: =in!CD13 -> 1 | BY13: =in!CE13 -> 0 | BZ13: =in!CF13 -> 1 | CA13: =in!CG13 -> 0 | CB13: =in!CH13 -> 1 | ... CS13: =in!CY13 -> 0 | CT13: =SUM(BU13:CS13) -> 6 | CU13: =CT13*100/25 -> 24 | CV13: =in!CZ13 -> 0 | CW13: =in!DA13 -> 1 | CX13: =in!DB13 -> 0 | CY13: =in!DC13 -> 1 | CZ13: =in!DD13 -> 0 | DA13: =in!DE13 -> 0 | DB13: =in!DF13 -> 1 | DC13: =in!DG13 -> 0 | ... DG13: =in!DK13 -> 0 | DH13: =SUM(CV13:DG13) -> 4 | DI13: =DH13*100/COUNT(CV13:DG13) -> 33.333333 | DJ13: =in!DL13 -> 0 | DK13: =in!DM13 -> 0 | DL13: =in!DN13 -> 0 | DM13: =in!DO13 -> 1 | DN13: =in!DP13 -> 1 | DO13: =in!DQ13 -> 0 | DP13: =SUM(DJ13:DO13) -> 2 | DQ13: =DP13*100/COUNT(DJ13:DO13) -> 33.333333 | DR13: =in!DR13 -> 0 | DS13: =in!DS13 -> 0 | DT13: =in!DT13 -> 0 | DU13: =in!DU13 -> 0 | DV13: =in!DV13 -> 0 | DW13: =in!DW13 -> 0 | DX13: =in!DX13 -> 1 | DY13: =in!DY13 -> 0 | DZ13: =SUM(DR13:DY13) -> 1 | EA13: =DZ13*100/COUNT(DR13:DY13) -> 12.5 | EB13: =in!DZ13 -> 0 | EC13: =in!EA13 -> 1 | ED13: =in!EB13 -> 1 | EE13: =SUM(EB13:ED13) -> 2 | EF13: =EE13*100/COUNT(EB13:ED13) -> 66.666667
... A31: =in!D31 -> VELASQUEZ PASCACIO ADRIANA JOSÉ | B31: =in!E31 -> 6213 | C31: =in!M31 -> 1 | D31: =in!N31 -> 1 | E31: =in!O31 -> 0 | F31: =in!P31 -> 0 | G31: =in!Q31 -> 1 | H31: =in!R31 -> 1 | I31: =in!S31 -> 0 | J31: =in!T31 -> 1 | ... AA31: =in!AK31 -> 0 | AB31: =SUM(C31:AA31) -> 7 | AC31: =AB31*100/25 -> 28 | AD31: =in!AL31 -> 1 | AE31: =in!AM31 -> 0 | AF31: =in!AN31 -> 0 | AG31: =in!AO31 -> 1 | AH31: =in!AP31 -> 0 | AI31: =in!AQ31 -> 0 | AJ31: =in!AR31 -> 0 | AK31: =in!AS31 -> 0 | ... BR31: =in!BZ31 -> 0 | BS31: =SUM(AD31:BR31) -> 8 | BT31: =BS31*100/41 -> 19.512195 | BU31: =in!CA31 -> 1 | BV31: =in!CB31 -> 0 | BW31: =in!CC31 -> 1 | BX31: =in!CD31 -> 0 | BY31: =in!CE31 -> 0 | BZ31: =in!CF31 -> 1 | CA31: =in!CG31 -> 0 | CB31: =in!CH31 -> 1 | ... CS31: =in!CY31 -> 0 | CT31: =SUM(BU31:CS31) -> 8 | CU31: =CT31*100/25 -> 32 | CV31: =in!CZ31 -> 0 | CW31: =in!DA31 -> 1 | CX31: =in!DB31 -> 1 | CY31: =in!DC31 -> 1 | CZ31: =in!DD31 -> 0 | DA31: =in!DE31 -> 0 | DB31: =in!DF31 -> 0 | DC31: =in!DG31 -> 0 | ... DG31: =in!DK31 -> 1 | DH31: =SUM(CV31:DG31) -> 6 | DI31: =DH31*100/COUNT(CV31:DG31) -> 50 | DJ31: =in!DL31 -> 0 | DK31: =in!DM31 -> 0 | DL31: =in!DN31 -> 1 | DM31: =in!DO31 -> 0 | DN31: =in!DP31 -> 1 | DO31: =in!DQ31 -> 0 | DP31: =SUM(DJ31:DO31) -> 2 | DQ31: =DP31*100/COUNT(DJ31:DO31) -> 33.333333 | DR31: =in!DR31 -> 0 | DS31: =in!DS31 -> 1 | DT31: =in!DT31 -> 1 | DU31: =in!DU31 -> 0 | DV31: =in!DV31 -> 1 | DW31: =in!DW31 -> 0 | DX31: =in!DX31 -> 1 | DY31: =in!DY31 -> 1 | DZ31: =SUM(DR31:DY31) -> 5 | EA31: =DZ31*100/COUNT(DR31:DY31) -> 62.5 | EB31: =in!DZ31 -> 0 | EC31: =in!EA31 -> 0 | ED31: =in!EB31 -> 1 | EE31: =SUM(EB31:ED31) -> 1 | EF31: =EE31*100/COUNT(EB31:ED31) -> 33.333333
